Tweets,Output,,,
рд╕реБрддреЗ рджрдзрд┐рд╖реНрд╡рдирд╢реНрдЪрдирдГ || рддрджрд┐рди рдирдХреНрддрдВ рддрдж рджрд┐рд╡рд╛ рдорд╣реНрдпрдорд╛рд╣реБрд╕реНрддрджрдпрдВ рдХреЗрддреЛ рд╣рд░реНрдж рдЖ рд╡рд┐ рдЪрд╖реНрдЯреЗ | рд╡рд┐ рддрдВ рдпреБрдпреЛрдд рд╢рд╡рд╕рд╛ рд╡рдп рдУрдЬрд╕рд╛ рд╡рд┐ рдпреБрд╖реНрдорд╛рдХрд╛рднрд┐рд░ рдКрддрд┐рднрд┐рдГ || рддрд░рдгрд┐рд░реНрд╡рд┐рд╢реНрд╡рджрд░реНрд╢рддреЛ рдЬрдпреЛрддрд┐рд╖реНрдХреНрд░реНрджрд╕рд┐ рд╕реВрд░реНрдп |,0,,,
"рд╕рд░реНрд╡реЛрдЪреНрдЪ рдиреНрдпрд╛рдпрд╛рд▓рдп рдореНрд╣рдгрд╛рд▓реЗ, рдУрдмреАрд╕реА рдЖрд░рдХреНрд╖рдгрд╛рд╢рд┐рд╡рд╛рдп рдЭрд╛рд▓реЗрд▓реНрдпрд╛ рдирд┐рд╡рдбрдгреБрдХрд╛рдВрдЪреЗ рдирд┐рдХрд╛рд▓ рдХрд│рд╡рд╛!

https://t.co/1SeNiATvUy

#election #MaharashtraGovernment #SupremeCourt #OBC #OBCReservation #Reservation #Shivsena #Maharashtra #Shivsena 

@ShivSena @ChhaganCBhujbal @BJP4Maharashtra @PMOIndia",0,,,
"рд╕рдВрдкреВрд░реНрдг рдмреНрд░рд╣реНрдорд╛рдВрдб рд╡реНрдпрд╛рдкреВрди рдЕрд╕рд▓реЗрд▓реА рд╢рдХреНрддреА, рдЬрд┐рдЪреНрдпрд╛ рд╕рд╛рдХреНрд╖рд╛рддреНрдХрд╛рд░рд╛рдиреЗ рдЬреАрд╡рдирдореГрддреНрдпреВ рдЪрдХреНрд░рд╛рддреВрди  рдореЛрдХреНрд╖-рдЕрд╡рд╕реНрдерд╛ рдкреНрд░рд╛рдкреНрдд рд╣реЛрддреЗ, рдЕрд╢рд╛ рд╢реНрд░реА рд╢рд╛рдХрдВрднрд░реА рджреЗрд╡реАрд▓рд╛ рд╕рд╛рд╖реНрдЯрд╛рдВрдЧ рдирдорд╕реНрдХрд╛рд░ рдЕрд╕реЛ.

ЁЯМ╝ЁЯМ╝тШШя╕П рд╢реБрднЁЯМХрджрд┐рдирдореН тШШя╕ПЁЯМ╝ЁЯМ╝",0,,,
рд╕рдВрдШ рд╕рд╛рдзрдирд╛ рд░рд╛рд╖реНрдЯреНрд░ рдЖрд░рд╛рдзрдирд╛ рдЪрдВрджреНрд░рд╢реЗрдЦрд░ рдЖрдЬрд╛рдж рдирдЧрд░ рднрд╛рдмрд░рд╛ рдЬрд┐рд▓рд╛ рдЕрд▓реАрд░рд╛рдЬрдкреБрд░ #рд╕рдВрдШ_рджреАрдкрдХ_рд╣реИрдВ https://t.co/RnLJ83gauL https://t.co/VSz0wqqqCX,0,,,
"рд╕рдИ рддрд╛рдореНрд╣рдгрдХрд░рдмрджреНрджрд▓ рдЖрдгрдЦреА рдЧреЛрд╖реНрдЯреА рдЬрд╛рдгреВрди рдШреНрдпрд╛рдпрдЪреНрдпрд╛ рдЕрд╕рддреАрд▓, рддрд░ рдХрдореЗрдВрдЯрдордзреНрдпреЗ рдЬрд░реВрд░ рдХрд│рд╡рд╛!
#SaiTamhankar #Marathi #Actress #рд╕рдИрддрд╛рдореНрд╣рдгрдХрд░ #рдорд░рд╛рдареА #рдо #рдЕрднрд┐рдиреЗрддреНрд░реА @SaieTamhankar https://t.co/ZIN6BtgLlz",0,,,
рд╡рд┐рдЭрдгреНрдпрд╛рдЖрдзреА рджрд┐рд╡рд╛ рдЬрд╕рд╛ рдЬрд╛рд╕реНрдд рдлрдбрдлрдбрддреЛ рддрд╕реЗ рд░рд╡реА рд░рд╛рдгрд╛ рдпрд╛рдВрдЪреЗ рдЭрд╛рд▓реЗ- ре▓рдб. рджрд┐рд▓реАрдк┬ардПрдбрддрдХрд░ https://t.co/2RdicqOsko,0,,,
"рд░реЛрд╣рд┐рдд рдкрд╛рдЯрд▓рд╛рдВрдЪреНрдпрд╛ рдпрд╛ рд╡рд┐рдЬрдпрд╛рдмрджреНрджрд▓ 
рдЖрдкрд▓рдВ рдХрд╛рдп рдордд рдЖрд╣реЗ рдХрдореЗрдВрдЯ рдмреЙрдХреНрд╕ рдордзреНрдпреЗ рдЬрд░реВрд░ рдХрд│рд╡рд╛!

@Lokrajya_News @PawarSpeaks @AjitPawar4Mah @supriya_sule @uddhavthackeray @AUThackeray @RRPSpeaks @RohitPawarSpeak @Jayant_R_Patil @RRPATIL9 @Info_Sangli @nagarparishad @SumanPatil https://t.co/xKgFnCBKqL",0,,,
"рд░реЛрд╣рд┐рдд рдкрд╡рд╛рд░рд╛рдВрдЪреНрдпрд╛ рдХрд░реНрдЬрдд рдордзреАрд▓ рд╡рд┐рдЬрдпрд╛рдмрджреНрджрд▓ 
рдЖрдкрд▓рдВ рдХрд╛рдп рдордд рдЖрд╣реЗ рдХрдореЗрдВрдЯ рдмреЙрдХреНрд╕ рдордзреНрдпреЗ рдЬрд░реВрд░ рдХрд│рд╡рд╛!

@Lokrajya_News @PawarSpeaks @AjitPawarSpeaks @supriya_sule @OfficeofUT @AUThackeray @RRPSpeaks @RohitPawarSpeak @Jayant_R_Patil  @KarjatJamkhed @AhamadnagarDMC @RamShindeOffice @Dev_Fadnavis https://t.co/y0DqrVhswz",0,,,
рдореБрдВрдмрдИрдХрдбреВрди рдХрд╛рдкреВрд░рдмрд╛рд╡рдбреА рдЬрдВрдХреНрд╢рди рдорд╛рд░реНрдЧреЗ рдШреЛрдбрдмрдВрджрд░ рд░реЛрдбрд╡рд░ рдЬрд╛рдгрд╛рд░реЗ рд╕рд░реНрд╡ рд╡рд╛рд╣рдирд╛рдВрдирд╛ рдорд╛рдЬреАрд╡рд╛рдбрд╛ рдЧреЛрд▓реНрдбрди рдбрд╛рдИрдЬ рдмреНрд░рд┐рдЬрд╡рд░ рд╡рд╛рдп рдЬрдВрдХреНрд╢рди рдпреЗрдереЗ рдкреНрд░рд╡реЗрд╢ рдмрдВрдж рдХрд░рдгреНрдпрд╛рдд рдпреЗрдгрд╛рд░ рдЖрд╣реЗ. рдпрд╛ рдорд╛рд░реНрдЧрд╛рд╡рд░реАрд▓ рдЕрд╡рдЬрдб рд╡рд╛рд╣рдиреЗ рдирд╛рд╢рд┐рдХ рд░реЛрдбрдиреЗ рдЦрд╛рд░реЗрдЧрд╛рд╡ рдЯреЛрд▓рдирд╛рдХрд╛ рдорд╛рд░реНрдЧреЗ рд╡рд│рд╡рд┐рдгреНрдпрд╛рдд рдпреЗрдгрд╛рд░ рдЖрд╣реЗрдд.,0,,,
рдорд╛рдВрдЧреА рдпрд╛рдЧрд╛рд╡рд╛рд╕рд╛рдареА рдкрд╛рдгреАрдкреБрд░рд╡рдард╛рдордВрддреНрд░реА рдЕрд╕рддрд╛рдирд╛ релрежрд▓рдХреНрд╖ рд░реБрдкрдпрд╛рдВрдЪреА рдкрд╛рдгреАрдкреБрд░рд╡рдард╛рдпреЛрдЬрдирд╛ рдкреВрд░реНрдг рдЭрд╛рд▓реА рдЖрд╣реЗ. рддрд╕реЗрдЪ рдореБрдЦреНрдп рдЪреМрдХрд╛рдордзреНрдпреЗ рд╣рд╛рдпрдорд╛рд╕реНрдЯ рджрд┐рд╡рд╛ рдмрд╕рд╡рд┐рдгреЗрд╕рд╛рдареА рез.реирел рд▓рдХреНрд╖ рд░реБрдкрдпреЗ рдЗрддрдХрд╛ рдирд┐рдзреА рдорд╛рдЭрд╛ рдЪрд│рд╡рд│реАрддреАрд▓рд╕рд╣рдХрд╛рд░реА рдЕрдЬрдпрдмрд╛рдЧрд▓ рдпрд╛рдВрдЪреНрдпрд╛ рдорд╛рдзреНрдпрдорд╛рддреВрди рджрд┐рд▓рд╛ рдЖрд╣реЗ. рдпрд╛рдкреБрдвреЗрд╣реА рдпрд╛ рдЧрд╛рд╡рд╛рдЪреНрдпрд╛ рд╡рд┐рдХрд╛рд╕рд╛рд╕рд╛рдареА рдирд┐рдзреА рдЙрдкрд▓рдмреНрдз рдХрд░реВрди рджреЗрдгрд╛рд░ рдЖрд╣.реЗ2/2 https://t.co/4TDsuq9TX2,0,,,
"рдордзреНрдп рд░реЗрд▓реНрд╡реЗрд╡рд░ ренреи рддрд╛рд╕рд╛рдВрдЪрд╛ рдореЗрдЧрд╛рдмреНрд▓реЙрдХ! рем рдлреЗрдмреНрд░реБрд╡рд╛рд░реАрд▓рд╛ рдард╛рдгреЗ-рджрд┐рд╡рд╛ рдорд╛рд░реНрдЧрд┐рдХрд╛ рдЦреБрд▓реА
https://t.co/BHdXVKd7RH",0,,,
"рдмреНрд░рд╣реНрдорд╛рдВрдб рдкреНрд░рд╡рдХреНрддреЗ рдЦрд╛рд╕рджрд╛рд░ рд╕рдВрдЬрдп рд░рд╛рдКрдд рдпрд╛рдВрдиреА рдЖрдЬ рд╕реНрд╡рдпрдВрдШреЛрд╖рд┐рдд рд╢реЗрддрдХрд░реА рдиреЗрддреЗ рд░рд╛рдХреЗрд╢ рдЯрд┐рдХреИрдд рдпрд╛рдВрдЪреА рднреЗрдЯ рдШреЗрддрд▓реА.
рдорд░рд╛рдард╛ рд╕рд░рджрд╛рд░рд╛рдВрдЪреА рдорд╛рдирд╛рдЪреА рдкрдЧрдбреА рднреЗрдЯ рдореНрд╣рдгреБрди рд░рд╛рдХреЗрд╢ рдЯрд┐рдХреИрдд рдпрд╛рдВрдирд╛ рджрд┐рд▓реА.

рдЖрддрд╛ рдирдХреНрдХреА рдЭрд╛рд▓реЗ!!!
рд╢рд┐рд╡рд╕реЗрдирд╛ рдЙрддреНрддрд░рдкреНрд░рджреЗрд╢ рд╡рд┐рдзрд╛рдирд╕рднрд╛ рдордзреАрд▓ реирежреж+ рдЬрд╛рдЧрд╛ рдЬрд┐рдВрдХрдд рд╕рд░рдХрд╛рд░ рдмрдирд╡рдд рдЖрд╣реЗ. https://t.co/iInuimyANs",0,,,
"рдирдЧрд░рдкрдВрдЪрд╛рдпрдд рдирд┐рд╡рдбрдгреБрдХреАрдЪреЗ рдирд┐рдХрд╛рд▓ рдорд╣рд╛рд╡рд┐рдХрд╛рд╕ рдЖрдШрд╛рдбреА рд╕рд░рдХрд╛рд░рдЪреНрдпрд╛ рдкреБрдвреАрд▓ рд╡рд╛рдЯрдЪрд╛рд▓реАрд╡рд░ рдкрд░рд┐рдгрд╛рдо рдХрд░рдгрд╛рд░реЗ рдард░рддреАрд▓ рдХрд╛? 

рд╡реНрдпрдХреНрдд рд╡реНрд╣рд╛!
рдпрд╛ рдореБрджреНрджреНрдпрд╛рд╡рд░ рддреБрдордЪреА рдкреНрд░рддрд┐рдХреНрд░рд┐рдпрд╛ рдЖрдореНрд╣рд╛рд▓рд╛ рдХрд│рд╡рд╛...

#рдорд╛рдВрдбрд╛рддреБрдордЪрдВрдорддрдПрдмреАрдкреАрдорд╛рдЭрд╛рд╡рд░ 
#MajhaMatOnABPMajha",0,,,
"рджрд┐рдирд╛рдВрдХ резреи рдЬрд╛рдиреЗрд╡рд╛рд░реА реирежреиреи рд░реЛрдЬреА рдорд╛. рдорд╣рд╛рдкреМрд░ рд╢реНрд░реАрдорддреА рдЬреНрдпреЛрддреНрд╕реНрдирд╛ рд╣рд╕рдирд╛рд│реЗ рдпрд╛рдВрдиреА рдорд╣рд╛рдирдЧрд░рдкрд╛рд▓рд┐рдХрд╛ рдЖрдпреБрдХреНрдд рд╢реНрд░реА. рджрд┐рд▓реАрдк рдвреЛрд▓реЗ рдпрд╛рдВрдЪреНрдпрд╛ рд╕рдорд╡реЗрдд рдорд┐рд░рд╛ рднрд╛рдИрдВрджрд░ рд╢рд╣рд░рд╛рддреАрд▓ рдкреНрд░рдЧрддреАрдкрдерд╛рд╡рд░ рдЕрд╕рд▓реЗрд▓реНрдпрд╛ рдРрддрд┐рд╣рд╛рд╕рд┐рдХ рдШреЛрдбрдмрдВрджрд░ рдХрд┐рд▓реНрд▓рд╛, рд░рд╛рд╖реНрдЯреНрд░реАрдп рдорд╣рд╛рдорд╛рд░реНрдЧ рдХреНрд░. рео рдпреЗрдереАрд▓ рдкреНрд░рд╕реНрддрд╛рд╡рд┐рдд рдЫрддреНрд░рдкрддреА рд╢рд┐рд╡рд╛рдЬреА рдорд╣рд╛рд░рд╛рдЬ рд╕реНрдорд╛рд░рдХ рдкрд░рд┐рд╕рд░,(1/2) https://t.co/rzOYJJBY5m",0,,,
"рджрд┐рдирд╛рдВрдХ 12 рдЬрд╛рдиреЗрд╡рд╛рд░реА 2021 рд░реЛрдЬреА #рдорд┐рд░рд╛_рднрд╛рдИрдВрджрд░_рдорд╣рд╛рдирдЧрд░рдкрд╛рд▓рд┐рдХреЗрдЪреНрдпрд╛ рдорд╛рдзреНрдпрдорд╛рддреВрди рд╣реЛрдгрд╛рд▒реНрдпрд╛ #рдШреЛрдбрдмрдВрджрд░_рдХрд┐рд▓реНрд▓реНрдпрд╛рдЪреЗ рд╕реБрд╢реЛрднреАрдХрд░рдг рдХрд╛рдорд╛рдЪреЗ рдкреНрд░рддреНрдпрдХреНрд╖ рдЬрд╛рдЧреЗрд╡рд░ рдЬрд╛рдКрди рдкрд╛рд╣рдгреА рдХреЗрд▓реА, рд╕рджрд░ рд╡реЗрд│реА рдорд╛. #рдорд╣рд╛рдкреМрд░ рдЬреНрдпреЛрддреНрд╕реНрдирд╛рддрд╛рдИ рд╣рд╕рдирд╛рд│реЗ, рдорд╛. #рдЖрдпреБрдХреНрдд рджрд┐рд▓реАрдк рдвреЛрд▓реЗ, рдорд╛.#рдЙрдкрдорд╣рд╛рдкреМрд░ рд╣рд╕рдореБрдЦ рдЧрд╣рд▓реЛрдд рд╡  #рдкреНрд░рд╢рд╛рд╕рдирд╛рдЪреЗ рдкрджрд╛рдзрд┐рдХрд╛рд░реА рдЙрдкрд╕реНрдерд┐рдд рд╣реЛрддреЗ. https://t.co/uqYuUUksmg",0,,,
"рдереАрдордкрд╛рд░реНрдХрдордзреАрд▓ 16 рдХреЛрдЯреАрдВрдЪреНрдпрд╛ рд╡рд╕реНрддреВ рдорд┐рд│рд╛рд▓реНрдпрд╛ рдзреБрд│реАрд▓рд╛..
рдерд╛рдордкрд╛рд░реНрдХрдорд╛рдЧреЗ рд╣реА рд╣реЛрддреА рд╕рдВрдХрд▓реНрдкрдирд╛ -
рдШреЛрдбрдмрдВрджрд░ рдкрд░рд┐рд╕рд░рд╛рдд рд░рд╣рд╛рд╡рдпрд╛рд╕ рдпреЗрдгрд╛рд▒реНрдпрд╛ рдирд╡реНрдпрд╛ рдард╛рдгреЗрдХрд░рд╛рдВрдирд╛ рддрд╕реЗрдЪ рдирд╡реАрди рдкрд┐рдвреАрд▓рд╛ рдЬреБрдиреНрдпрд╛ рдРрддрд┐рд╣рд╛рд╕рд┐рдХ рдард╛рдгреНрдпрд╛рдЪреЗ рдорд╣рддреНрд╡ рдХрд│рд╛рд╡реЗ. 
#ThaneCity
@niranjandtweets
@DumbreManohar
@Dev_Fadnavis
https://t.co/6jCNlHAhPS
1",0,,,
"рддреЛрдВрдбрд╛рдкреБрдвреЗ рдХреЛрдгреА рдУрд│рдЦреАрдЪрд╛ рднреЗрдЯрд▓рд╛ рддрд░ рд╣реБрдВрдХрд╛рд░ рджреЗрдКрди рдорд╛рдиреЗрдиреЗрдВ рдЖрдЬреНрдЮрд╛ рджрд╛рдЦрд╡реВрдВ рд▓рд╛рдЧрд▓реЗ. рдЕрдВрдЧрд╛рд╡рд░ рдмреНрд░рд╣реНрдорд╛рдВрдб рдХреЛрд╕рд│рд▓реЗрдВ. рдкрд░рдВрддреБ рд╣рд┐рдВрдордд рд╣рд░рд▓реА рдирд╛рд╣реАрдВ. рдЬрд╛рдЧреНрдпрд╛рд╡рд░ рдлрдХреНрдд рд╣рдЬрд╛рд░-рдмрд╛рд░рд╛рд╢реЗрдВ рдорд╛рддреНрд░ рдЙрднреЗ рд░рд╛рд╣рд┐рд▓реЗ. рдЪреЛрд╣реЛрдВрдХрдбреЗ рдПрдХрджрд╛рдВрдЪ рдЖрднрд╛рд│ рдкрд╛рдВрдврд░реЗрдВ рдЬрд╛рд╣рд▓реЗрдВ. рдЬрд┐рдХрдбреЗ рддрд┐рдХрдбреЗ рдкрд│реВ рд▓рд╛рдЧрд▓реЗ.

рей/рем",0,,,
"рддреЗ рд╡рд░реНрдбрд▓ рдЪрд╛ рдХрд╛рдп рдореЕрдЯрд░ рдЖрд╣реЗ ?
рдХреЛрдгрд╛рд▓рд╛ рдорд╛рд╣реАрдд рдЕрд╕реЗрд▓ рддрд░ рдХрд│рд╡рд╛.
рдЖрдЧрд╛рдК рдзрдиреНрдпрд╡рд╛рдж",0,,,
рддреБрдордЪрдВ рдордд рдЖрдореНрд╣рд╛рд▓рд╛ рдХрдореЗрдВрдЯрдордзреНрдпреЗ рдХрд│рд╡рд╛... @rohitrrpatilncp @RohitRRPatil @NCPspeaks @PawarSpeaks @AjitPawarSpeaks #rohitpatil #Sangli #NagarPanchayatElections2022 #nagarpanchayat https://t.co/J5eX8piZg6,0,,,
"рдард╛рдгреНрдпрд╛рддреВрди рдпреЗрдгрд╛рд░рд╛ рдШреЛрдбрдмрдВрджрд░ рд░реЛрдб рдЬрд┐рдереЗ рд╕рдВрдкрддреЛ рдЖрдгрд┐ рджрд┐рд▓реНрд▓реАрд▓рд╛ рд╕реБрд░реВ рд╣реЛрдКрди рдореБрдВрдмрдИ рдорд╛рд░реНрдЧреЗ рдЬрд╛рд╡реВрди рдЪреЗрдиреНрдирдИрд▓рд╛ рд╕рдВрдкрдгрд╛рд▒реНрдпрд╛ NH 48 (рдЬреБрдирд╛ NH 8) рд▓рд╛ рдорд┐рд│рддреЛ рддреЗ рдЬрдВрдХреНрд╢рди рдлрд╛рдКрдВрдЯрди рд╣реЙрдЯреЗрд▓ рдЬрдВрдХреНрд╢рди рдореНрд╣рдгреБрди рдУрд│рдЦрд▓рдВ рдЬрд╛рддрдВ.
рдореБрдВрдмрдИ рдЖрдгрд┐ рдард╛рдгреЗ рдордзреБрди рдпреЗрдгрд╛рд░реА рдЖрдгрд┐ рд╕реБрд░рдд, рдЕрд╣рдорджрд╛рдмрд╛рдж рдорд╛рд░реНрдЧреЗ рдЬрд╛рдгрд╛рд░реА рдЖрдгрд┐ рдпреЗрдгрд╛рд░реА рддрд╕реЗрдЪ рдард╛рдгреНрдпрд╛рддреВрди рдореБрдВрдмрдИ рдХрдбреЗ + https://t.co/Lpod3Eonhw",0,,,
"рдард╛рдгреЗ-рдмреЛрд░рд┐рд╡рд▓реА рднрд╛рд░рддрд╛рддреАрд▓ рд╕рд░реНрд╡рд╛рдд рд▓рд╛рдВрдм рдмреЛрдЧрджрд╛; рдШреЛрдбрдмрдВрджрд░ рд░рд┐рдЕрд▓ рдЗрд╕реНрдЯреЗрдЯ рдЖрдгрд┐ рдард╛рдгреЗ-рдмреЛрд░рд┐рд╡рд▓реА рджрд░рдореНрдпрд╛рдирдЪреНрдпрд╛ рдкреНрд░рд╡рд╛рд╕рд╛рд╕рд╛рдареА рдЧреЗрдо рдЪреЗрдВрдЬрд░.......
@TMCaTweetAway @DigiThane 
@WeAreThane @BeyondThane https://t.co/wNGPiDu0zT",0,,,
"рдард╛рдгреЗ-рджрд┐рд╡рд╛ рдбрд╛рдКрди рдЬрд▓рдж рдорд╛рд░реНрдЧрд╛рд╡рд░ 14 рддрд╛рд╕рд╛рдВрдЪрд╛ рдмреНрд▓реЙрдХ; 'рдпрд╛' рдЧрд╛рдбреНрдпрд╛ рд░рджреНрдж
https://t.co/DGXvis0pP0
#thane #diva #thanenews #mumbailocal #trainupdate",0,,,
рдард╛рдгреЗ рдорд╣рд╛рдирдЧрд░рдкрд╛рд▓рд┐рдХреЗрдЪреНрдпрд╛ рдорд╛рдзреНрдпрдорд╛рддреВрди рдШреЛрдбрдмрдВрджрд░ рд░реЛрдбрд╡рд░реАрд▓ рд╡рд╛рдШрдмреАрд│ рдпреЗрдереАрд▓ рдкреНрд░реЗрд╕реНрдЯреАрдЬ рд░реЗрд╕реАрдбрдиреНрд╕реА рдпреЗрдереЗ рдирд╡реНрдпрд╛рдиреЗ рдЙрднрд╛рд░рдгреНрдпрд╛рдд рдЖрд▓реЗрд▓реНрдпрд╛ рд╕рдВрдк-рдкрдВрдк рд╣рд╛рдКрд╕ рд╡ рдЬрд▓рдХреБрднрд╛рдВрдЪрд╛ рд▓реЛрдХрд╛рд░реНрдкрдг рд╕реЛрд╣рд│рд╛ рдЖрдЬ рдорд╣рд╛рдкреМрд░ рдирд░реЗрд╢ рдорд╕реНрдХреЗ рд╕рд╛рд╣реЗрдм рдпрд╛рдВрдЪреНрдпрд╛ рд╣рд╕реНрддреЗ рдЖрдЬ рдкрд╛рд░ рдкрдбрд▓рд╛. @nareshmhaske @AUThackeray @SardesaiVarun https://t.co/3OcVj4TyK6,0,,,
"рдард╛рдгреЗ рддреЗ рджрд┐рд╡рд╛ рдкрд╛рдЪрд╡реА, рд╕рд╣рд╛рд╡реА рдорд╛рд░реНрдЧрд┐рдХрд╛ рем рдлреЗрдмреНрд░реБрд╡рд╛рд░реАрдкрд╛рд╕реВрди рдЦреБрд▓реА
#Mumbai 

https://t.co/OoaE8QT2po",0,,,
"рдард╛рдгреЗ рддреЗ рджрд┐рд╡рд╛ рджрд░рдореНрдпрд╛рди рдкрд╛рдЪрд╡реА рдорд╛рд░реНрдЧрд┐рдХрд╛ рд╕реБрд░реВ рд╣реЛрддреЗ рдЖрд╣реЗ, рд╣реА рдорд╛рд░реНрдЧрд┐рдХрд╛ рдЦреБрд▓реА рдХрд░рдгреНрдпрд╛рд╕рд╛рдареА рдордзреНрдп рд░реЗрд▓реНрд╡реЗрдХрдбреВрди рддреАрди рджрд┐рд╡рд╕рд╛рдВрдЪрд╛ рдЬрдореНрдмреЛ рдореЗрдЧрд╛рдмреНрд▓реЙрдХ рдШреЗрдгреНрдпрд╛рдд рдпреЗрдгрд╛рд░ рдЖрд╣реЗ.
#megablock #jumbomegablock #centralrailway  
https://t.co/5cFPuDqWXj",0,,,
"рдард╛рдгреЗ : рднреНрд░рд╖реНрдЯрд╛рдЪрд╛рд░рд╛рдЪреНрдпрд╛ рдЖрд░реЛрдкрд╛рдВрдиреА рдЧрд╛рдЬрд▓реЗрд▓реНрдпрд╛ рдШреЛрдбрдмрдВрджрд░ рднрд╛рдЧрд╛рддреАрд▓ рдЬреБрдиреЗ рдард╛рдгреЗ рдирд╡реАрди рдард╛рдгреЗ рдпрд╛ рдереАрдо рдкрд╛рд░реНрдХрдЪреА рд╡рд╛рддрд╛рд╣рд╛рдд рдЭрд╛рд▓реА рдЕрд╕реВрди рдкрд╛рд░реНрдХрдЪреА рдирд┐рдЧрд╛ рджреЗрдЦрднрд╛рд▓ рдХрд░рдгреНрдпрд╛рд╕рд╛рдареА реиреи рд▓рд╛рдЦрд╛рдВрдЪрд╛ рдЦрд░реНрдЪ рдХреЗрд▓рд╛ рдЬрд╛рдгрд╛рд░ рдЕрд╕рд▓реНрдпрд╛рдЪреА рдорд╛рд╣рд┐рддреА рдкрд╛рд▓рд┐рдХрд╛ рд╕реВрддреНрд░рд╛рдВрдиреА рджрд┐рд▓реА.
@TMCaTweetAway

https://t.co/NOcvd143WQ",0,,,
"рдЬрдпрдВрдд рджрд╛рджрд╛рд╡ @Jayant_R_Patil 
рдПрдХрджрд╛ рдмреНрд░рд╣реНрдорд╛рдВрдб рдирд┐рд░реНрдорд╛рддрд╛ рдХрд╛рдХрд╛рд▓рд╛ рдмреЛрд▓рд╛рдпрд▓рд╛
рд▓рд╛рд╡рд╛ рдорд╣рд╛рд░рд╛рд╖реНрдЯреНрд░рд╛рдд рдпрд╛рдпрд▓рд╛
рдПрд▓реЛрди рдорд╕реНрдХ рд▓рд╛
рддреЛ рдирд╛рд╣реА рдореНрд╣рдгрд╛рд░ рдирд╛рд╣реА
ЁЯШЬЁЯШЬЁЯШЬЁЯШЬЁЯШЬ",0,,,
"рдХрд╛рдп рдЪрд╛рд▓рд▓реЗрдп рдЫрддреНрд░рдкрддреА рднреЗрд╕рд▓реЗрдВрдЪреНрдпрд╛ рд░рд╛рдЬреНрдпрд╛рдд?

рд╣реЗ рдорд░рд╛рдареА рдирдЧрд░рд╕реЗрд╡рдХ,рдорд╣рд╛рд░рд╛рдЬрд╛рдВрдЪреЗ рдЖрдбрдирд╛рд╡ рд╡рд╛рдкрд░реБрди,рд╕реНрдерд╛рдирд┐рдХ рдорд░рд╛рдареА рд▓реЛрдХрд╛рдВрд╡рд┐рд░реЛрдзрд╛рдд рдХрд╛рдо рдХрд░реАрдд рдЖрд╣реЗрдд

рдШреЛрдбрдмрдВрджрд░,рдХрд╛рд╢реА,рд╕рдВрдЬрдп рдЧрд╛рдВрдзреА рд░рд╛рд╖реНрдЯреНрд░реАрдп рдЙрджреНрдпрд╛рди рд╡рдирдХреНрд╖реЗрддреНрд░рд╛рдЪрд╛ рд▒реНрд╣рд╛рд╕ рдХрд░реАрдд рдЖрд╣реЗрдд. рд╕рдВрдкреВрд░реНрдг рдХреНрд╖реЗрддреНрд░рд╛рдд рдЕрдирдзрд┐рдХреГрдд рдЭреЛрдкрдбреНрдпрд╛рдВрдирд╛ рд╕рдВрд░рдХреНрд╖рдг рджреЗрдКрди, рдкрд░рдкреНрд░рд╛рдВрддреАрдп рд▓реЛрдВрдвреЗ (рдорддрджрд╛рд░) рд╡рд╛рдврд╡рдд рдЖрд╣реЗрдд https://t.co/rNkCgD7VI4 https://t.co/dCGv0l0L6V",0,,,
"рдХрд▓реНрдпрд╛рдг, рдбреЛрдВрдмрд┐рд╡рд▓реА рдЖрдгрд┐ рдХрд│рд╡рд╛ рдпреЗрдереАрд▓ рд░реЗрд▓реНрд╡реЗрдЪреНрдпрд╛ рдЬрдорд┐рдиреАрд╡рд░ рдЧреЗрд▓реЗ рейреж рддреЗ рекреж рд╡рд░реНрд╖рд╛рдВрдкрд╛рд╕реВрди рд░рд╛рд╣рдд рдЕрд╕рд▓реЗрд▓реНрдпрд╛ рд░рд╣рд┐рд╡рд╛рд╢рд╛рдВрдЪреНрдпрд╛ рдкрд╛рдареАрд╢реА рдЦрд╛.рдбреЙ. рд╢реНрд░реАрдХрд╛рдВрдд рд╢рд┐рдВрджреЗ рджрд╛рджрд╛ рдЦрдВрдмреАрд░рдкрдгреЗ рдЙрднрд╛!

@DrSEShinde
#рдХрд▓реНрдпрд╛рдг
#рдбреЛрдВрдмрд┐рд╡рд▓реА
#рдХрд│рд╡рд╛
#рд░реЗрд▓реНрд╡реЗ_рдЬрдорд┐рди_рд░рд╣рд┐рд╡рд╛рд╢реА
#рдЦрд╛рд╕рджрд╛рд░
#рдбреЙ_рд╢реНрд░реАрдХрд╛рдВрддрдПрдХрдирд╛рдерд╢рд┐рдВрджреЗ
#рдХрд▓реНрдпрд╛рдгрд▓реЛрдХрд╕рднрд╛
#рд╢рд┐рд╡рд╕реЗрдирд╛ https://t.co/4i80brAXUS",0,,,
рдУрдмреАрд╕реА рдЖрд░рдХреНрд╖рдгрд╛рд╢рд┐рд╡рд╛рдп рдЭрд╛рд▓реЗрд▓реНрдпрд╛ рдирд┐рд╡рдбрдгреБрдХрд╛рдВрдЪреЗ рдирд┐рдХрд╛рд▓ рдХрд│рд╡рд╛; рд╕реБрдкреНрд░реАрдо рдХреЛрд░реНрдЯрд╛рдиреЗ рдЖрджреЗрд╢ - https://t.co/pLDtYNr165,0,,,
"рдЖрдорджрд╛рд░ рдЖрд╢реБрддреЛрд╖ рдХрд╛рд│реЗрдВрдЪреНрдпрд╛ рд╡рд╛рд╣рдирд╛рд▓рд╛ рдорд┐рд│рд╛рд▓рд╛ рд▓рд╛рд▓ рджрд┐рд╡рд╛
#sarkarnama @AshutoshAKale #Shirdi
 https://t.co/ncI28cocZ6",0,,,
"рдЖрдордЪрд╛ рдорд╣рд╛рдкреМрд░, рдЖрдордЪрд╛ рдЕрднрд┐рдорд╛рди! 
рдШреЛрдбрдмрдВрджрд░ рд░реЛрдб рдпреЗрдереАрд▓ рдкреНрд░рднрд╛рдЧ рдХреНрд░. рек рдордзреАрд▓ рдЪрд░рдгрд╛рдореГрдд, рдкрдВрдЪрд╛рдореГрдд, рдкреНрд░рд╛рддрдкреБрд╖реНрдк, рд╕реБрд░рдЬ рд╡реЙрдЯрд░ рдкрд╛рд░реНрдХ рдЖрдгрд┐ рджреЗрд╡рджрд░реНрд╢рди рд╕реЛрд╕рд╛рдпрдЯреА рддрд╕реЗрдЪ рдЖрдЬреВрдмрд╛рдЬреВрдЪреНрдпрд╛ рднрд╛рдЧрд╛рддреАрд▓ рдЬрд╡рд│рдкрд╛рд╕ рекреж,режрежреж рдирд╛рдЧрд░рд┐рдХрд╛рдВрдЪрд╛ рдкрд╛рдгреНрдпрд╛рдЪрд╛ рдкреНрд░рд╢реНрди рд╕реЛрдбрд╡рд┐рд▓реНрдпрд╛рдмрджреНрджрд▓ рдЖрдкрд▓реНрдпрд╛ рдард╛рдгреНрдпрд╛рдЪреЗ рдорд╣рд╛рдкреМрд░ @nareshmhaske рд╕рд╛рд╣реЗрдм рд╣реНрдпрд╛рдВрдЪреЗ рдЖрднрд╛рд░ !
#Shivsena https://t.co/hJpKY0SBRi",0,,,
рдЖрдЬрд░рд╛ рддрд╛рд▓реБрдХреНрдпрд╛рддреАрд▓ рдХреЗрдбреАрд╕реАрд╕реА рдард░рд╛рд╡рдзрд╛рд░рдХрд╛рдВрдиреА рд╡рд╛рджрд│рд╛рдд рджрд┐рд╡рд╛ рд▓рд╛рд╡рд▓рд╛. рдХреЗрдбреАрд╕реАрд╕реА рдмрдБрдХреЗрдЪреНрдпрд╛ рд╕рдВрдЪрд╛рд▓рдХрдкрджреА рдирд┐рд╡рдбреВрди рдЖрд▓реНрдпрд╛рдмрджреНрджрд▓ рд╕реБрдзреАрд░ рджреЗрд╕рд╛рдИ рдпрд╛рдВрдЪрд╛ рд╕рддреНрдХрд╛рд░. https://t.co/ue2G0kJcJr,0,,,
рдЕрдирдВрддрдХреЛрдЯреА рдмреНрд░рд╣реНрдорд╛рдВрдб рдирд╛рдпрдХ рдорд╣рд╛рд░рд╛рдЬрд╛рдзрд┐рд░рд╛рдЬ рдпреЛрдЧреАрд░рд╛рдЬ рдкрд░рдмреНрд░рдореНрд╣ рд╕рдЪреНрдЪреАрджрд╛рдирдВрдж рднрдХреНрдд рдкреНрд░рддрд┐рдкрд╛рд▓рдХ рд╢реЗрдЧрд╛рд╡ рдирд┐рд╡рд╛рд╕реА рд╕рдорд░реНрде рд╕рджреНрдЧреБрд░реВ #рд╢реНрд░реА_рдЧрдЬрд╛рдирди_рдорд╣рд╛рд░рд╛рдЬ рдХреА рдЬрдп https://t.co/E7qUvUrKGS,0,,,
"RT @Yours_Pawan: рдмреНрд░рд╣реНрдорд╛рдВрдб рдиреЗрддреНрдпрд╛рдЪреНрдпрд╛, рд╕рд╛рдзреНрдпрд╛ рдЦрд╛рд╕рджрд╛рд░рд╛рдЪреНрдпрд╛ рдкрдХреНрд╖рд╛рд▓рд╛ рдлрдХреНрдд 1 рд╕реАрдЯ!!!

рдЕрд░реЗ рд░реЗ !!

рдЦреВрдк рд╡рд╛рдИрдЯ рд╡рд╛рдЯрддрдВ рд╣реЛ.jpg",0,,,
"RT @Yours_Pawan: рдЖрдгрдЦреА рдПрдХ рдШреЛрдЯрд╛рд│рд╛!

рдард╛рдгреНрдпрд╛рддреАрд▓ рджрд┐рд╡рд╛ рдпреЗрдереАрд▓ рдПрдордПрдордЖрд░рдбреАрдПрдЪреНрдпрд╛ рднрд╛рдбреЗрддрддреНрддреНрд╡ рдпреЛрдЬрдиреЗрддреАрд▓ рд╕рджрдирд┐рдХрд╛ рдмрдирд╛рд╡рдЯ рдХрд╛рдЧрджрдкрддреНрд░рд╛рдВрдЪреНрдпрд╛ рдЖрдзрд╛рд░реЗ рд╡рд┐рдХреНрд░реА рдХреЗрд▓реНрдпрд╛рдкреНрд░тАж",0,,,
"RT @YashashreeJosh2: рд╢реНрд░реА рдЧрдгреЗрд╢ ....... рдЕрд╕рд▓реНрдпрд╛рдиреЗ 'рд╕рд░реНрд╡ рд╢реБрднрдХрд╛рд░реНрдп рдЖрдгрд┐ рд╡рд┐рдзреА рдпрд╛рдВрдЪреНрдпрд╛ рдЖрд░рдВрднреА' рд╢реНрд░реА рдЧрдгреЗрд╢рдкреВрдЬрди рдХрд░рддрд╛рдд.
рез. рд╡рд┐рдШреНрдирд╣рд░реНрддрд╛
реи. рдЧрдЬрд╛рдирди
ЁЯЩП рдЖрдкрд▓реЗ рдЙтАж",0,,,
"RT @ToThePointV1_0: @khadaksingh_ рднрд╛рдК, рдХрд╛рд╣реАрд╣реА рдореНрд╣рдгрд╛ рдкрдг рдорд╛рд╡рд╛ рдЖрдШрд╛рдбреА рд╡рд╛рд▓реНрдпрд╛рдВрдХрдбреЗ рдЬрдЧрд╛рдд рднрд╛рд░реА рдЧрд╛рдВрдЬрд╛ рдЖрд╣реЗ.. рддреЛ рдЪрд┐рдореБрдЯ рднрд░ рдЬрд░реА рдлреБрдХрд▓рд╛ рддрд░реА рдорд╛рдгреВрд╕ рдмреНрд░рд╣реНрдорд╛рдВтАж",0,,,
"RT @ThirupathiINC: @Central_Railway @RailMinIndia #рджрд┐рд╡рд╛ #рдореБрдВрдмреНрд░рд╛ #рдХрд│рд╡рд╛ рддреЗ #рдореБрд▓реБрдВрдб
5 рдЖрдгрд┐ 6 рд╡реА рдордзреНрдп рд░реЗрд▓реНрд╡реЗ рдирд╡реАрди рд▓реЛрдХрд▓ рд░реЗрд▓реНрд╡реЗ рдЯреНрд░реЗрдХ.

#Mulund #тАж",0,,,
"RT @swami_vachan: рдХрд│рд▓рдВ рдХреА рдХрд│рд╡рд╛..

#11pmWords https://t.co/JFnmxQeucf",0,,,
"RT @sukrutdr: рд╡рд╛рдЯ рдзрд░рд┐рддрд╛рдВ рдкрдВрдврд░реАрдЪреАред рдЪрд┐рдВрддрд╛ рд╣рд╛рд░реЗ рд╕рдВрд╕рд╛рд░рд╛рдЪреА рее 
рдРрд╕реЗ рдХреЛрдареЗрдВ рдирд╕реЗ рдкрд╛рдпреАрдВред рдзреБрдВрдбрд┐рддрд╛рдВ рдмреНрд░рд╣реНрдорд╛рдВрдб рдкрд╛рд╣реА рее
рдкрд╛рд╣рд┐рд▓реА рд╢реЛрдзреВрдиреАрдВ ред рддреАрд░реНрдереЗ рдЖрдгрд┐ рджреЗрд╡рд╕реНрдерд╛тАж",0,,,
RT @SanjeevDeshmu14: рдЕрдирдВрддрдХреЛрдЯреА рдмреНрд░рд╣реНрдорд╛рдВрдб рдирд╛рдпрдХ рдорд╣рд╛рд░рд╛рдЬрд╛рдзрд┐рд░рд╛рдЬ рдпреЛрдЧреАрд░рд╛рдЬ рдкрд░рдмреНрд░рдореНрд╣ рд╕рдЪреНрдЪреАрджрд╛рдирдВрдж рднрдХреНрдд рдкреНрд░рддрд┐рдкрд╛рд▓рдХ рд╢реЗрдЧрд╛рд╡ рдирд┐рд╡рд╛рд╕реА рд╕рдорд░реНрде рд╕рджреНрдЧреБрд░реВ #рд╢реНрд░реА_рдЧрдЬрд╛рдирдитАж,0,,,
"RT @sambare_nilesh: рд╡рд╛рдбрд╛ рддрд╛рд▓реБрдХреНрдпрд╛рддреАрд▓ рджрд┐рдирдХрд░рдкрд╛рдбрд╛ рдпреЗрдереАрд▓ рдкрд┐рдВрдЯреА рджрд┐рд╡рд╛ рдпрд╛рдВрдирд╛ рднрдЧрд╡рд╛рди рдорд╣рд╛рджреЗрд╡ рд╕рд╛рдВрдмрд░реЗ рд╣реЙрд╕реНрдкрд┐рдЯрд▓, рдЭрдбрдкреЛрд▓реА рдпреЗрдереЗ рдЙрдкрдЪрд╛рд░рд╛рджрд░рдореНрдпрд╛рди A+ рд░рдХреНрддрд╛рдЪреНрдпрд╛тАж",0,,,
RT @Sadabhau_khot: рдорд╛рдВрдЧреА рдпрд╛рдЧрд╛рд╡рд╛рд╕рд╛рдареА рдкрд╛рдгреАрдкреБрд░рд╡рдард╛рдордВрддреНрд░реА рдЕрд╕рддрд╛рдирд╛ релрежрд▓рдХреНрд╖ рд░реБрдкрдпрд╛рдВрдЪреА рдкрд╛рдгреАрдкреБрд░рд╡рдард╛рдпреЛрдЬрдирд╛ рдкреВрд░реНрдг рдЭрд╛рд▓реА рдЖрд╣реЗ. рддрд╕реЗрдЪ рдореБрдЦреНрдп рдЪреМрдХрд╛рдордзреНрдпреЗ рд╣рд╛рдпрдорд╛рд╕реНрдЯтАж,0,,,
"RT @pratiksha3009: рд╢реНрд░реА рдЧрдгреЗрд╢ ...... рдЕрд╕рд▓реНрдпрд╛рдиреЗ 'рд╕рд░реНрд╡ рд╢реБрднрдХрд╛рд░реНрдп рдЖрдгрд┐ рд╡рд┐рдзреА рдпрд╛рдВрдЪреНрдпрд╛ рдЖрд░рдВрднреА' рд╢реНрд░реА рдЧрдгреЗрд╢рдкреВрдЬрди рдХрд░рддрд╛рдд.

рез. рд╡рд┐рдШреНрдирд╣рд░реНрддрд╛

реи. рдЧрдЬрд╛рдирди

ЁЯЩП рдЖрдкрд▓реЗ рдЙтАж",0,,,
"RT @pratiksha3009: 'рдЬрдп рдЬрд╡рд╛рди рдЬрдп рдХрд┐рд╕рд╛рди' рд╣рд╛ рдирд╛рд░рд╛ рдХреЛрдгрддреНрдпрд╛ рд░рд╛рд╖реНрдЯреНрд░рдкреБрд░реБрд╖рд╛рдиреЗ рджрд┐рд▓рд╛ рдЖрд╣реЗ ?

рез. рд▓реЛрдХрдорд╛рдиреНрдп рдЯрд┐рд│рдХ

реи. рд▓рд╛рд▓ рдмрд╣рд╛рджреВрд░ рд╢рд╛рд╕реНрддреНрд░реА

ЁЯЩП рдЖрдкрд▓реЗ рдЙрддреНрддрд░ рдЖтАж",0,,,
"RT @pournimapawar98: рдореБрд▓реАрдЪреНрдпрд╛ рд▓рдЧреНрдирд╛рддреАрд▓ рд░реБрдЦрд╡рдд рдЪреЗ рд╕рд╛рдорд╛рди рд╡рд┐рдХрдд рдШреНрдпрд╛рдпрдЪрдВ рдЖрд╣реЗ , рдХреБрдгреА рдЕрд╕реЗрд▓ рдУрд│рдЦреАрдЪреЗ рддрд░ рдпрд╛ рдЯреНрд╡рд┐рдЯ рд▓рд╛ рд░рд┐рдкреНрд▓рд╛рдп рдХрд░реВрди рдХрд│рд╡рд╛",0,,,
"RT @pandharichitra: ЁЯМ╕ рдЖрдирдВрджрджрд╛рдпреА #рдзрд░реНрдорд╢рд┐рдХреНрд╖рдг ЁЯМ╕
#ThankfulTuesday
#TuesdayMotivations

тЩжя╕П рд╕рдореБрджреНрд░рдЙрдбреНрдбрд╛рдг, рд▓рдВрдХрд╛рджрд╣рди, рджреНрд░реЛрдгрд╛рдЧрд┐рд░реА рдЖрдгрдгреЗ рдпрд╛ рдШрдЯрдирд╛ рдХреЛрдгрд╛тАж",0,,,
"RT @pandharichitra: ЁЯМ╕ рдЖрдирдВрджрджрд╛рдпреА #рдзрд░реНрдорд╢рд┐рдХреНрд╖рдг ЁЯМ╕
#MondayMotivation

тЩжя╕П рд╢реНрд░реА рдЧрдгреЗрд╢ .......... рдЕрд╕рд▓реНрдпрд╛рдиреЗ рд╕рд░реНрд╡ рд╢реБрднрдХрд╛рд░реНрдп рдЖрдгрд┐ рд╡рд┐рдзреАрдВрдЪреНрдпрд╛ рдЖрд░рдВрднреА рд╢реНрд░реА рдЧрдгреЗтАж",0,,,
"RT @OfficeOfPPM: рдмреНрд░рд╣реНрдорд╛рдВрдб рдкреНрд░рд╡рдХреНрддреЗ рдЦрд╛рд╕рджрд╛рд░ рд╕рдВрдЬрдп рд░рд╛рдКрдд рдпрд╛рдВрдиреА рдЖрдЬ рд╕реНрд╡рдпрдВрдШреЛрд╖рд┐рдд рд╢реЗрддрдХрд░реА рдиреЗрддреЗ рд░рд╛рдХреЗрд╢ рдЯрд┐рдХреИрдд рдпрд╛рдВрдЪреА рднреЗрдЯ рдШреЗрддрд▓реА.
рдорд░рд╛рдард╛ рд╕рд░рджрд╛рд░рд╛рдВрдЪреА рдорд╛рдирд╛рдЪреА рдкрдЧтАж",0,,,
"RT @Mulpurush_: рдХреЛрдХрдг рдореНрд╣рдгрдЬреЗ рдирдХреНрдХреА рдХрд╛рдп ЁЯСЗЁЯП╗

рдХреЛрдХрдг рдореНрд╣рдгрдЬреЗ рдХреМрд▓рд╛рд░реВ рдШрд░, рд╕реНрд╡рдЪреНрдЫ рдЕрдВрдЧрдг, рддреБрд│рд╕ рд╡ рддрд┐рд▓рд╛ рдЖрдзрд╛рд░ рджреЗрдгрд╛рд░рд╛ рджрд┐рд╡рд╛ 'рдХреЛрдХрдг' рдореНрд╣рдгрдЬреЗ рдЧреЛрдард╛, рд╕рд╛рдард╡реВрди рдареЗрд╡рд▓реЗтАж",0,,,
RT @mrhasanmushrif: рдЖрдЬрд░рд╛ рддрд╛рд▓реБрдХреНрдпрд╛рддреАрд▓ рдХреЗрдбреАрд╕реАрд╕реА рдард░рд╛рд╡рдзрд╛рд░рдХрд╛рдВрдиреА рд╡рд╛рджрд│рд╛рдд рджрд┐рд╡рд╛ рд▓рд╛рд╡рд▓рд╛. рдХреЗрдбреАрд╕реАрд╕реА рдмрдБрдХреЗрдЪреНрдпрд╛ рд╕рдВрдЪрд╛рд▓рдХрдкрджреА рдирд┐рд╡рдбреВрди рдЖрд▓реНрдпрд╛рдмрджреНрджрд▓ рд╕реБрдзреАрд░ рджреЗрд╕рд╛рдИ рдпрд╛рдВтАж,0,,,
RT @Mansh51712190: рд╕рдВрдШ рд╕рд╛рдзрдирд╛ рд░рд╛рд╖реНрдЯреНрд░ рдЖрд░рд╛рдзрдирд╛ рдЪрдВрджреНрд░рд╢реЗрдЦрд░ рдЖрдЬрд╛рдж рдирдЧрд░ рднрд╛рдмрд░рд╛ рдЬрд┐рд▓рд╛ рдЕрд▓реАрд░рд╛рдЬрдкреБрд░ #рд╕рдВрдШ_рджреАрдкрдХ_рд╣реИрдВ https://t.co/VSz0wqqqCX,0,,,
"RT @Manpavrutta: рдордирдкрд╛рд╡реГрддреНрдд, рдЕрдВрдХрд╛рддреАрд▓ рдореБрдЦреНрдпрдкреГрд╖реНрдард╛рд╡рд░реАрд▓ рджрд┐рд╡рд╛ рдкреНрд░рднрд╛рдЧ рд╕рдорд┐рддреА рдордзреАрд▓ рд╢рд┐рд│рдЧрд╛рд╡ рд╕рд░реНрд╡реНрд╣реЗ рдирдВ реирежрез,рд╣рд┐рд╕реНрд╕рд╛ рдирдВ рек рдордзреАрд▓ рдЬрд╛рдЧреЗрдЪреА рдлреЛрдб рд╡рд╛рдЯрдгреА рдирд╕рддрд╛рдирд╛рд╣реАтАж",0,,,
"RT @ManmadIndorRail: @nitin_gadkari @narendramodi @BJP4India рд╕рд╛рд╣реЗрдм!
рдЗрддрдХреНрдпрд╛рдЪ рддрд│рдорд│рддреЗрдиреЗ рдЖрдгрд┐ рдЖрддреНрдорд┐рдпрддреЗрдиреЗ, рд╕рдорд╕реНрдд рдЙрддреНрддрд░ рдорд╣рд╛рд░рд╛рд╖реНрдЯреНрд░рд╛рд▓рд╛ рдкреНрд░рд┐рдп рдЕрд╕рд▓реЗтАж",0,,,
RT @lagadpatil_007: рддреЛрдВрдбрд╛рдкреБрдвреЗ рдХреЛрдгреА рдУрд│рдЦреАрдЪрд╛ рднреЗрдЯрд▓рд╛ рддрд░ рд╣реБрдВрдХрд╛рд░ рджреЗрдКрди рдорд╛рдиреЗрдиреЗрдВ рдЖрдЬреНрдЮрд╛ рджрд╛рдЦрд╡реВрдВ рд▓рд╛рдЧрд▓реЗ. рдЕрдВрдЧрд╛рд╡рд░ рдмреНрд░рд╣реНрдорд╛рдВрдб рдХреЛрд╕рд│рд▓реЗрдВ. рдкрд░рдВрддреБ рд╣рд┐рдВрдордд рд╣рд░рд▓реА рдирд╛рд╣реАрдВтАж,0,,,
RT @ketanPa09413137: рдмрд╛рд│рдХреБрдо рдЧрд╛рд╡рд╛рддреАрд▓ рдЬрд▓рдкрд░реА рдореНрд╣рдгреБрди рдУрд│рдЦрд▓реА рдЬрд╛рдгрд╛рд░реА рдХреБ.рд╕рдИ рдкрд╛рдЯреАрд▓ рд╣рд┐рдиреЗ 30рдХрд┐. рдЕрдВрддрд░ рд╕рд╛рдпрдХрд▓ рдиреЗ рдкрд╛рд░ рдХрд░рдд рд╕рд┐рдбрдХреЛ рдпрд╛ рдЖрдВрджреЛрд▓рдирд╛рдЪреНрдпрд╛ рдард┐рдХрд╛рдгреА рдЬрд╛рдКрдитАж,0,,,
RT @Info_Thane1: рдореБрдВрдмрдИрдХрдбреВрди рдХрд╛рдкреВрд░рдмрд╛рд╡рдбреА рдЬрдВрдХреНрд╢рди рдорд╛рд░реНрдЧреЗ рдШреЛрдбрдмрдВрджрд░ рд░реЛрдбрд╡рд░ рдЬрд╛рдгрд╛рд░реЗ рд╕рд░реНрд╡ рд╡рд╛рд╣рдирд╛рдВрдирд╛ рдорд╛рдЬреАрд╡рд╛рдбрд╛ рдЧреЛрд▓реНрдбрди рдбрд╛рдИрдЬ рдмреНрд░рд┐рдЬрд╡рд░ рд╡рд╛рдп рдЬрдВрдХреНрд╢рди рдпреЗрдереЗ рдкреНрд░рд╡реЗрд╢тАж,0,,,
RT @Iamshreya1904: рднрд╛рдЬрдкрдЪреНрдпрд╛ 12 рдЖрдорджрд╛рд░рд╛рдВрдЪреЗ рдирд┐рд▓рдВрдмрди рд╣реЗ рдлрдХреНрдд рдЖрдорджрд╛рд░рд╛рдВрдЪреНрдпрд╛ рд╣рдХреНрдХрд╛рдЪреЗ рдЙрд▓реНрд▓рдВрдШрди рдирд╕реВрди рддреНрдпрд╛рдВрдЪреНрдпрд╛ рдорддрджрд╛рд░рд╕рдВрдШрд╛рдЪреЗ рд╣рдХреНрдХ рд╣рд┐рд░рд╛рд╡реВрди рдШреЗрдгреНрдпрд╛рд╕рд╛рд░рдЦреЗ рдЖрд╣реЗтАж,0,,,
RT @ganesh_masak: @Central_Railway @drmmumbaicr @GM_CRly @srdommumbaicr @srdcmmumbaicr @RailwaySeva рдЧрд╛рдбреА рди релрежрезрежрей/режрек рджрд┐рд╡рд╛-рд░рддреНрдирд╛рдЧрд┐рд░реА рдпрд╛ рдЧрд╛рдбреАтАж,0,,,
"RT @BlackPearlAkki: *рдирд╡реА рдореБрдВрдмрдИ рдпреЗрдереЗ рд╣реЛрдгрд╛рд░реНрдпрд╛ рд╡рд┐рдорд╛рдирддрд│рд╛рд▓рд╛*
*рд▓реЛрдХрдиреЗрддреЗ рджрд┐.рдмрд╛.рдкрд╛рдЯреАрд▓ рд╕рд╛рд╣реЗрдм рдпрд╛рдВрдЪреЗ рдирд╛рд╡ рджреЗрдгреНрдпрд╛рдд рдпрд╛рд╡реЗ. 
*рдпрд╛ рдЖрдВрджреЛрд▓рдирд╛ рд╕рдорд░реНрдердирд╛рдд рд╕рд╛рдХрд╛рд░рд▓реЗрд▓реАтАж",0,,,
RT @BhaindarMira: рджрд┐рдирд╛рдВрдХ резреи рдЬрд╛рдиреЗрд╡рд╛рд░реА реирежреиреи рд░реЛрдЬреА рдорд╛. рдорд╣рд╛рдкреМрд░ рд╢реНрд░реАрдорддреА рдЬреНрдпреЛрддреНрд╕реНрдирд╛ рд╣рд╕рдирд╛рд│реЗ рдпрд╛рдВрдиреА рдорд╣рд╛рдирдЧрд░рдкрд╛рд▓рд┐рдХрд╛ рдЖрдпреБрдХреНрдд рд╢реНрд░реА. рджрд┐рд▓реАрдк рдвреЛрд▓реЗ рдпрд╛рдВрдЪреНрдпрд╛ рд╕рдорд╡реЗтАж,0,,,
RT @Awhadspeaks: 2 рджрд┐рд╡рд╕рд╛рдВрдкреВрд░реНрд╡реА рдХрд│рд╡рд╛ рдкреВрд░реНрд╡ рдкрд╢реНрдЪрд┐рдореЗрд▓рд╛ рдЬреЛрдбрдгрд╛-рдпрд╛ R.O.B рдЪреЗ рдЙрджреНрдШрд╛рдЯрди рдкрд╛рд░ рдкрдбрд▓реЗ.рдпрд╛рдирдВрддрд░ рдЦрд╛рд░реАрдЧрд╛рдВрд╡ рд░реЗрд▓реНрд╡реЗ рдлрд╛рдЯрдХ рдмрдВрдж рдХрд░рдгреНрдпрд╛рдд рдпреЗрдгрд╛рд░ рдЖрд╣реЗ.тАж,0,,,
"RT @AparnaNaik10: #mondaythoughts
#ShivajiMaharaj
рдЫрддреНрд░рдкрддреА рд╢рд┐рд╡рд╛рдЬреА рдорд╣рд╛рд░рд╛рдЬрд╛рдВрдиреА рд╣рд┐рдВрджрд╡реА рд╕реНрд╡рд░рд╛рдЬреНрдп рд╕реНрдерд╛рдкрдиреЗрдЪреА рд╢рдкрде рдХреЛрдгрддреНрдпрд╛ рдордВрджрд┐рд░рд╛рдд рдШреЗрддрд▓реА ?

ЁЯЩП рдЙрддреНрддрд░тАж",0,,,
"RT @AnilShinde5678: #рдмреАрдб рдЪрдВ рдиреЗрддреГрддреНрд╡ рд╕рдХреНрд╖рдордкрдгреЗ рдХреЛрдг рдХрд░реВ рд╢рдХреЗрд▓ ?

рдорддрджрд╛рди рд╢реНрд░реЗрд╖реНрда рджрд╛рди
рдЖрдкрд▓реНрдпрд╛ рдкреНрд░рддрд┐рдХреНрд░рд┐рдпрд╛ рдХрд│рд╡рд╛.",0,,,
"40 рд╣рдЬрд╛рд░ рдард╛рдгреЗрдХрд░рд╛рдВрдирд╛ рдкреЛрдЯрднрд░ рдкрд╛рдгреА

рдШреЛрдбрдмрдВрджрд░ рд░реЛрдб, рд╡рд╛рдШрдмреАрд│ рдпреЗрдереАрд▓ рдкреНрд░реЗрд╕реНрдЯреАрдЬ рд░реЗрд╕рд┐рдбрдиреНрд╕реА рдпреЗрдереЗ рдирд╡реНрдпрд╛рдиреЗ рдЙрднрд╛рд░рд▓реЗрд▓реНрдпрд╛ рд╕рдВрдк-рдкрдВрдк рд╣рд╛рдКрд╕ рд╡ рдЬрд▓рдХреБрднрд╛рдВрдЪрд╛ рд▓реЛрдХрд╛рд░реНрдкрдг рд╕реЛрд╣рд│рд╛ рдорд╣рд╛рдкреМрд░ рдирд░реЗрд╢ рдореНрд╣рд╕реНрдХреЗ рдпрд╛рдВрдЪреНрдпрд╛ рд╣рд╕реНрддреЗ рдордВрдЧрд│рд╡рд╛рд░реА рдкрд╛рд░ рдкрдбрд▓рд╛

рд╕рд╡рд┐рд╕реНрддрд░ рдмрд╛рддрдореА рд╡рд╛рдЪрдгреНрдпрд╛рд╕рд╛рдареА рдЦрд╛рд▓реА рджрд┐рд▓реЗрд▓реНрдпрд╛ рд▓рд┐рдВрдХ рд╡рд░ рдХреНрд▓рд┐рдХ рдХрд░рд╛.
https://t.co/Q0TzU2T8xG",0,,,
"#рд░рд╛рдЬрдорд╛рддрд╛ #рд░рд╛рд╖реНрдЯреНрд░рдорд╛рддрд╛ #рдЬрд┐рдЬрд╛рдК рдорд╛рдБрд╕рд╛рд╣реЗрдм
#рдпреБрдЧрдкреБрд░реБрд╖ рд╕реНрд╡рд╛рдореА #рд╡рд┐рд╡реЗрдХрд╛рдирдВрдж рдпрд╛рдВрдЪрд╛ рдЬрдпрдВрддреА рдирд┐рдорд┐рддреНрдд рд╡рд┐рдирдореНрд░ рдЕрднрд┐рд╡рд╛рджрди.ЁЯТРЁЯТРЁЯТРЁЯТР
                    рджрд┐рд▓реАрдк рднрд╛рдК рдпрд╛рджрд╡
рд░рд╛рд╖реНрдЯреНрд░рд╡рд╛рджреА рдХрд╛рдБрдЧреНрд░реЗрд╕ рдкрдХреНрд╖ рдард╛рдгреЗ рдЬрд┐рд▓реНрд╣рд╛ рдШреЛрдбрдмрдВрджрд░ рд░реЛрдб рдард╛рдгреЗ https://t.co/tJWp9ht7g6",0,,,
"#рдорд╛рд╣рд┐рддреАрд╕рд╛рдареА ЁЯСЙ рд╡рд┐рд╣рдВрдЧ рдЧрд╛рд░реНрдбрдирдЪреЗ (рдШреЛрдбрдмрдВрджрд░ рд░реЛрдб, рдард╛рдгреЗ) рд╡рд┐рдХрд╛рд╕рдХ рд╣реЗ рд╢рд┐рд╡рд╕реЗрдирд╛ рдЖрдорджрд╛рд░ рдкреНрд░рддрд╛рдк рд╕рд░рдирд╛рдИрдВрдХ рдЖрд╣реЗрдд ! https://t.co/h7bTQSURol",0,,,
"#рдШреЛрдбрдмрдВрджрд░_рд░реЛрдб, #рдЙрдкрд╡рди рдЗрдВрдбрд╕реНрдЯреНрд░реАрдЬ рдпреЗрдереЗ рд╢реНрд░реА #рд╕реБрднрд╛рд╖_рдЧреБрдкреНрддрд╛ рдпрд╛рдВрдЪреНрдпрд╛ рджреЗрдмреБрд░реАрдВрдЧ рдЗрдВрдбрд┐рдпрд╛ рдкреНрд░рд╛рдпрд╡реНрд╣реЗрдЯ рд▓рд┐рдорд┐рдЯреЗрдб рдпрд╛рдВрдЪреНрдпрд╛ рдХрд╛рд░реНрдпрд╛рд▓рдпрд╛рдд рд╢реНрд░реА рдЧрдгреЗрд╢ рдкреВрдЬрдирд╛ рдирд┐рдорд┐рддреНрдд рдЙрдкрд╕реНрдерд┐рдд рд░рд╛рд╣реВрди рдордиреЛрднрд╛рд╡реЗ рджрд░реНрд╢рди рдХреЗрд▓реЗ рддрд╕реЗрдЪ рд╕реБрднрд╛рд╖ рдЧреБрдкреНрддрд╛ рд╡ рддреНрдпрд╛рдВрдЪреНрдпрд╛ рд╕рд╣рдХрд╛рд▒реНрдпрд╛рдВрдирд╛ рдирд╡реАрди рд╡реНрдпрд╡рд╕рд╛рдпрд╛рд╕рд╛рдареА рд╢реБрднреЗрдЪреНрдЫрд╛ рджрд┐рд▓реНрдпрд╛...
 #Thane #GhodbunderRoad https://t.co/8eMj3lRtKb",0,,,
@TV9Marathi рд╣рд┐рд░рд╡рд╛ рджрд┐рд╡рд╛ рд▓рд╛рд╡рдгрд╛рд░ рдкрдг рджрд┐рд╡рд╛ рдЪреА рдЬреНрдпреЛрдд рдЖрдгрд┐ рдкреНрд░рдХрд╛рд╢ рднрдЧрд╡рд╛ рдЕрд╕рддреЛ,0,,,
"@SSSTShirdi ЁЯЩПЁЯМ╣ ЁЯХЙ рд╕рд╛рдИ рд░рд╛рдо ЁЯМ╣ЁЯЩП
ЁЯМ║ЁЯНВтША рдЕрдирдВрдд рдХреЛрдЯреА рдмреНрд░рд╣реНрдорд╛рдВрдб рдирд╛рдпрдХ рд░рд╛рдЬрд╛рдзрд┐рд░рд╛рдЬ рдпреЛрдЧреАрд░рд╛рдЬ рдкрд░рдмреНрд░рд╣реНрдо рд╕рдЪреНрдЪрд┐рджрд╛рдирдВрдж рд╕рдорд░реНрде рд╕рджреНрдЧреБрд░реБ рд╢реНрд░реА рд╕рд╛рдИрдирд╛рде рдорд╣рд╛рд░рд╛рдЬ рдХреА рдЬрдп тШАЁЯНВЁЯМ║",0,,,
"@Sonalimumbai1 рдмреНрд░рд╣реНрдорд╛рдВрдб рдкреНрд░рд╡рдХреНрддреЗ рдЪреА рд▓рд╛рдЧрдг рд▓рд╛рдЧрд▓реА
рдХрд╛рдХрд╛ рдкреВрддрдгрдпрд╛ рдЪреА рд╡рд╛рдЯ рд▓рд╛рдЧрд▓реА",0,,,
@ShubhamBhalgat8 @RRPSpeaks рддреБрдордЪрд╛ рд╕реНрд╡рдпрдореН рдШреЛрд╖рд┐ рдЪрд╛рдгрдХреНрдпрд▓рд╛ рд╡рд┐рдЪрд╛рд░ рдХрд╕рд╛ рджрд┐рд╡рд╛ рд╡рд┐ рдЭрд╡рд▓рд╛,0,,,
@sekhrik10 рдЖрдкрд▓реА рддрдХреНрд░рд╛рд░ рд╡рд░рд┐рд╖реНрда рдкреЛрд▓реАрд╕ рдирд┐рд░реАрдХреНрд╖рдХ рдХрд╛рдкреВрд░рдмрд╛рд╡рдбреА рдкреЛрд▓реАрд╕ рдард╛рдгреЗ рдпрд╛рдВрдирд╛ рдЖрд╡рд╢реНрдпрдХ рдХрд╛рд░рд╡рд╛рдИрд╕рд╛рдареА рдХрд│рд╡рд▓реА рдЖрд╣реЗ.,0,,,
"@sarita25148177 
     рд╣рд░ рд╣рд░ рдорд╣рд╛рджреЗрд╡
            рдЬрдп рд╢реНрд░реА рд░рд╛рдо ЁЯЩП
    реР рддреНрд░рд┐рдиреЗрддреНрд░рдзрд╛рд░реА рддреНрд░рд┐рдХрд╛рд▓рджрд░реНрд╢реА рдмреНрд░рд╣реНрдорд╛рдВрдб рд╡рд╛рд╕реА рдирдореЛрд╕реНрддреБрддреЗ
          #рд╕реБрдкреНрд░рднрд╛рдд ЁЯМ╣ЁЯЩП https://t.co/2SqdsxwPp0",0,,,
@SanjeevDeshmu14 ...рдЖрдгрд┐ рд░рд┐рдХрд╛рдореА рдЭрд╛рд▓реНрдпрд╛рд╡рд░ рддрд┐рдЪрд╛ 'рджрд┐рд╡рд╛' рд╡реНрд╣рд╛рдпрдЪрд╛!,0,,,
@RRPSpeaks рдЗрде рд╣реНрдпрд╛рдВрдЪрд╛ рдорд╣рд╛рд░рд╛рд╖реНрдЯреНрд░рд╛рдд рджрд┐рд╡рд╛ рд▓рд╛рдЧрд╛рдирд╛ рдЖрдгрд┐ рдЙрддреНрддрд░рдкреНрд░рджреЗрд╢ рдЪреНрдпрд╛ рдЧрдкреНрдкрд╛ рдорд╛рд░рддрд╛рд╣реЗрдд  ЁЯдгЁЯдг,0,,,
@rautsanjay61 рдЕрд░реЗ рдмрд╛рдмрд╛ рд░рд╛рдКрдд рддреБ рдмреНрд░рд╣реНрдорд╛рдВрдб рдЬреНрдЮрд╛рдиреА рдЖрд╣реЗ рддреБрдЭрдВ рдЖрдгрд┐ рдкрд╡рд╛рд░ рдЪреА рдЪрд╛рдиреНрдпрдХреНрдп рдиреАрддреА рд╡рд╛рдкрд░ рд▓рдв рдирд┐рд╡рдбрдгреВрдХ рддреБ рдореЛрдард╛ рдЬреНрдЮрд╛рдиреА рдЖрд╣реЗ,0,,,
"@prashantdalvi01 рдШреЛрдбрдмрдВрджрд░ рдХрд┐рд▓реНрд▓реНрдпрд╛рдЪрд╛ рдЬреАрд░реНрдгреЛрджреНрдзрд╛рд░ рд╣рд╛рддреА рдШреЗрддрд▓реНрдпрд╛рдмрджреНрджрд▓ рдЖрдкрдг рд╕рд░реНрд╡рд╛рдВрдЪреЗ рдЖрднрд╛рд░реА рдЖрд╣реЛрдд ЁЯЩПЁЯЩПЁЯЩПЁЯЩП

рдЬрдп рднрд╡рд╛рдиреА ЁЯЪйЁЯЪйЁЯЪй
рдЬрдп рд╢рд┐рд╡рд╛рдЬреА ЁЯЪйЁЯЪйЁЯЪй

#MiraBhayander
#GhodbunderFort",0,,,
@mpsc_office рдореЛрд╣реЛрджрдп рдХреНрд░реВрдкрдпрд╛ рддрд╛рдВрддреНрд░реАрдХ рд╕реЗрд╡рд╛ рдкреВрд░реНрд╡ рдкрд░рд┐рдХреНрд╖реЗ рдмрджреНрджрд▓ рдорд╛рд╣реАрддреА рдХрд│рд╡рд╛ ..!! рдЕрд░реНрдзрд╛ рдЬрд╛рдиреЗрд╡рд░реА рдЙрд▓рдЯреБрди рдЧреЗрд▓рд╛рдп .!!! @mpsc_office @MeshramDayanand @,0,,,
@Marathi_Rash рд╕рд╛рдкрдбрд▓рд╛ рддреЛ рдЪреЛрд░. рдЕрд╕реЗ рдХрд┐рддреНрдпреЗрдХ рджрд╡рд╛рдЦрд╛рдиреЗ рдЖрд╣реЗрдд рдЖрдгрд┐ рд╡рдВрд╢рд╛рд▓рд╛ рджрд┐рд╡рд╛ рдкрд╛рд╣рд┐рдЬреЗ рдХрд┐рдВрд╡рд╛ рдореБрд▓рдЧреА рдЭрд╛рд▓реА рддрд░ рдЖрдкрд▓реНрдпрд╛ рдкреЛрд░реАрд▓рд╛ рд╕рд╛рд╕реБрд░рд╡рд╛рд╕ рд╣реЛрдИрд▓ рдпрд╛ рднреАрддреАрдиреЗ рдЕрдиреЗрдХ рд▓реЛрдХрд╛рдВрдЪреА рдкрд╛рдКрд▓реЗ рдкрдбрддрд╛рдд рддрд┐рдХрдбреЗ.,0,,,
"@imeenakedar @cbawankule рдзрдиреНрдпрд╡рд╛рдж рддрд╛рдИ
рдард╛рдгреНрдпрд╛ рдордзреНрдпреЗ рдЖрд▓реНрдпрд╛ рдмрджреНрджрд▓ рдЪрд╛рдВрдЧрд▓ рдорд╛рд░реНрдЧрджрд░реНрд╢рди рд▓рд╛рднрд▓рдВ
рд╢реЗрдЦрд░ рдкрд╛рдЯреАрд▓
рдордВрдбрд▓ рдЕрдзреНрдпрдХреНрд╖ рдХрд╛рд╕рд╛рд░рд╡рдбрд╡рд▓реА рдард╛рдгреЗ рдШреЛрдбрдмрдВрджрд░ рд╡рд┐рднрд╛рдЧ",0,,,
"@Forest @MahaForest @TMCaTweetAway @ThaneCityPolice
@Parsikpravasi @rohitjoshi77
рд╡рдирд╡рд┐рднрд╛рдЧрд╛рдЪреНрдпрд╛ рдЬрд╛рдЧреЗрдд рдШреЛрд▓рд╛рдИ рдордВрджрд┐рд░рд╛рдЪреНрдпрд╛ рдмрд╛рдЬреВрд▓рд╛, рдШреЛрд▓рд╛рдИрдирдЧрд░, рдХрд│рд╡рд╛ рдкреВрд░реНрд╡ https://t.co/qGsRck3l7N",0,,,
"@drmmumbaicr рдЖрдИ рдореБрдВрдмреНрд░рд╛рджреЗрд╡реА рдбреЛрдВрдЧрд░ рдЖрдгрд┐ рдореБрдВрдмреНрд░рд╛ рд░реЗрддреАрдмрдВрджрд░ рдЦрд╛рдбреА.... рдард╛рдгреЗ - рджрд┐рд╡рд╛ рдорд╛рд░реНрдЧ рдирдХреНрдХреАрдЪ рдЖрд╣реЗ рдкрдг рдпрд╛ рдард┐рдХрд╛рдгрд╛рдЪреА рдЦрд░реА рдУрд│рдЦ рдирдХреНрдХреАрдЪ рд╕рд╛рдВрдЧрд╛ ""рдореБрдВрдмреНрд░рд╛""",0,,,
@drmbct @drmmumbaicr @OfficeofUT рд░рддреНрдирд╛рдЧрд┐рд░реА рджрд┐рд╡рд╛ рдПрдХреНрд╕рдкреНрд░реЗрд╕ рдЧрд╛рдбреАрдЪреЗ рддрд┐рдХреАрдЯ рдорд╛рдгрдЧрд╛рд╡ рдЯреВ рджрд┐рд╡рд╛ рдХреНрд░рд┐рдХреЗрдЯ рдкреНрд░рд╛рдИрдЬ рдЖрд╣реЗ рд╕рддреНрддрд░ рд░реБрдкрдпреЗ рд╡ рдЧрд╛рдбреА рдкреЕрд╕реЗрдВрдЬрд░ рдЯрд╛рдИрдк рдордзреНрдпреЗ рдЪрд╛рд▓реВ рд╣реЛрдд рдЖрд╣реЗрдд https://t.co/sWwd71n0QI,0,,,
"@ChitraKWagh рдмрд╛рд░рд╛рдорддреА рдордзреНрдпреЗ рдЬрд╛рдКрди рдЬреЛ рджрд┐рд╡рд╛ рд▓рд╛рд╡рд▓рд╛ рддреЛрдЪ рдЦрд╛рдирд╛рдкреВрд░ рдордзреНрдпреЗ рд▓рд╛рд╡рд▓рд╛рд╕...
рдЕрд╕рдЪ рдорд╛рдЭрдВ рдирд╛рд╡ рдореЛрдардВ рдХрд░ ЁЯШВЁЯШВ https://t.co/vt1Nluksp8",0,,,
@ChitraKWagh #рдЕрдорд░_рдЕрдХрдмрд░_рдЕрдБрдереЛрдиреА рд╕рджреИрд╡ рджреБрд╕рд▒реНрдпрд╛ рдХреНрд░рдорд╛рдВрдХрд╛рд╡рд░ рдпрд╛рд╡реЗ рдЖрдгрд┐ рддреБрдордЪрд╛ #рднрд╛рд░рддреАрдп_рдЬреБрдорд▓рд╛_рдкрдХреНрд╖ рдиреЗрд╣рдореА рдкрд╣рд┐рд▓реНрдпрд╛ рдирдВрдмрд░рдЪрд╛ #рджрд┐рд╡рд╛ рд▓рд╛рд╡рд╛рдпрд▓рд╛ рддрдпрд╛рд░ рд░рд╣рд╛рд╡рд╛ рд╣рд┐рдЪ рд╕рджрд┐рдЪреНрдЫрд╛ !!! #MVA,0,,,
"@ChitraKWagh @BJP4PuneCity рдкреБрдгреЗ рдмреАрдЬреЗрдкреА рдЪ рдпрд╛рдордзреЗ рдпреЛрдЧрджрд╛рди рдХрд╛рдп? рддреЛ рд░рд╛рд╣рддреЛ Pimpri-Chinchwad рдордзреЗ, рдЬрд┐рдереВрди kidnap рдЭрд╛рд▓рд╛ рддреЗ Pimpri-Chinchwad, рдЬрд┐рдереЗ рд╕рд╛рдкрдбрд▓рд╛ рддреЗ pcmc.. рдкреБрдгреЗ рдмреАрдЬреЗрдкреА рдиреЗ рдпрд╛рдд рдХрд╛рдп рджрд┐рд╡рд╛ рд▓рд╛рд╡рд▓рд╛ рдЪрд┐рддреНрддрд░рдВрдЬрди рддрд╛рдИ ЁЯШВЁЯдг",0,,,
"@BhatkhalkarA рд╣реЗ рддрд░ рдЕрдорд░рд╕рд┐рдВрд╣ рдЪрд╛ рд╣реА рдкреБрдвреЗ рдЧреЗрд▓рдВ рд╣реЛ ?!тШ║я╕П
рдмрд░рдВ рдЭрд╛рд▓рдВ рдЕрдЦрдВрдб рдмреНрд░рд╣реНрдорд╛рдВрдб рдирд╛рдпрдХ резрежрежрео рд╢реНрд░реА рд╢реНрд░реА рд╢реНрд░реА рдЗрддрд┐ 
рдирд╛рдп рд╕рд╛рдВрдЧрд┐рддрд▓рдВ !?ЁЯШК",0,,,
"@ashish_jadhao рдХрд╛рд│рдЬреА рдШреНрдпрд╛ ;рдХрд╛рд╣реА рдорджрдд рд▓рд╛рдЧрд▓реНрдпрд╛рд╕ рдирд┐рд╢реНрдЪрд┐рдд рдХрд│рд╡рд╛ ; Take care;, get well soon ;",0,,,
"@aparnabisht7 рдХреЛрдгрд╛рд▓рд╛ рддреЗ рд▓реЕрдкрдЯреЙрдк рджреНрдпрд╛рдпрдЪреЗ рдЖрд╣реЗрдд рдХрд┐рдВрд╡рд╛ рдореБрд▓рд╛рд▓рд╛ рджрд╛рди рдХрд░рд╛рдпрдЪреЗ рдЖрд╣реЗрдд, рдЗрдереЗ рдореБрд▓рд╛рд▓рд╛ рддреНрдпрд╛рдЪреНрдпрд╛ рдЕрднреНрдпрд╛рд╕рд╛рд╕рд╛рдареА рдПрдХ рд╣рд╡рд╛ рдЖрд╣реЗ, рдЬрд░ рддреБрдореНрд╣рд╛рд▓рд╛ рдорджрдд рдХрд░рд╛рдпрдЪреА рдЕрд╕реЗрд▓ рддрд░ рдорд▓рд╛ DM рдордзреНрдпреЗ рдХрд│рд╡рд╛.",0,,,
"!! рд╢реБрдн рд╕рдХрд╛рд│ !!
рдЕрдирдВрдд рдХреЛрдЯреА рдмреНрд░рд╣реНрдорд╛рдВрдб рдирд╛рдпрдХ
рд░рд╛рдЬрд╛рдзрд┐рд░рд╛рдЬ рдпреЛрдЧрд┐рд░рд╛рдЬ
рд╕рд╛рдХреНрд╖рд╛рддреН рдкрд░рдмреНрд░рд╣реНрдо
рд╢реНрд░реА рд╕рдЪреНрдЪрд┐рджрд╛рдирдВрдж
рд╕рджрдЧреБрд░реБ рд╕рд╛рдИрдирд╛рде
рдорд╣рд╛рд░рд╛рдЬ рдХреА рдЬрдп..!
!! реР рд╕рд╛рдИ рд░рд╛рдо !!
#Twitter #navimumbai #saibaba #shirdi https://t.co/l4LoJU8kmJ",0,,,
"рд╡реАрд░ - рд░реЛрд╣рд╛ - рджрд┐рд╡рд╛ рджреБрд╣реЗрд░реАрдХрд░рдгрд╛рдЪрд╛ рдлрд╛рдпрджрд╛ рджреЗрдКрди @Central_Railway @drmmumbaicr рдиреЗ рд╣реА рдЧрд╛рдбреА рдкреБрдиреНрд╣рд╛ рджрд╛рджрд░рдкрд░реНрдпрдВрдд рдЪрд╛рд▓рд╡рд╛рд╡реА.
@KonkanRailway рдиреЗ рд╡реЗрд│рд╛рдкрддреНрд░рдХрд╛рдд рдЖрдгрд┐ рдЖрдкрд▓реНрдпрд╛ рдорд╛рдирд╕рд┐рдХрддреЗрдд рдмрджрд▓ рдХреЗрд▓реНрдпрд╛рд╕ рд╣реЗ рд╢рдХреНрдп рдЖрд╣реЗ. https://t.co/F4gAZmpYxT",1,,,
"рд╡рд╛рдЪрд╛рд│рд╡реАрд░ рдирд╛рдирд╛ рдкрдЯреЛрд▓реЗрдиреА рдкрдВрддрдкреНрд░рдзрд╛рди рдирд░реЗрдВрджреНрд░ рдореЛрджреА рдпрд╛рдВрдЪреНрдпрд╛рд╡рд░ рдХреЗрд▓реЗрд▓реЗ рд╡рд╛рджрдЧреНрд░рд╕реНрдд рд╡рдХреНрддрд╡реНрдп рд╡ рддреНрдпрд╛рддреВрди рд▓реЛрдХрд╛рдВрдирд╛ рдЙрдХрд╕рд╡рдгреНрдпрд╛рдЪрд╛ рдкреНрд░рдпрддреНрди рдпрд╛ рд╡рд┐рд░реЛрдзрд╛рдд рдЧреБрдиреНрд╣рд╛ рджрд╛рдЦрд▓ рдХрд░рдгреНрдпрд╛рдд рдпрд╛рд╡рд╛ рдЕрд╢реА рдорд╛рдЧрдгреА рдХрд╛рд▓ рдард╛рдгреНрдпрд╛рдд рдиреМрдкрд╛рдбрд╛, рдХрд╛рдкреВрд░рдмрд╛рд╡рдбреА, рд╡рд╛рдЧрд│реЗ рдЗрд╕реНрдЯреЗрдЯ рд╡ рд╡рд░реНрддрдХрдирдЧрд░ рдкреЛрд▓реАрд╕ рд╕реНрдЯреЗрд╢рди рдордзреЗ рднрд╛рд░рддреАрдп рдЬрдирддрд╛ рдпреБрд╡рд╛ рдореЛрд░реНрдЪрд╛ рддрд░реНрдлреЗ рдХрд░рдгреНрдпрд╛рдд рдЖрд▓реА. https://t.co/U2z8oNqTxE",1,,,
"рдпреЗрдгрд╛рд░реА рдЬрд╛рдгрд╛рд░реА рд╡рд╛рд╣рдиреЗ рдпрд╛ рдЬрдВрдХреНрд╢рдирд╡рд░реБрди рдЬрд╛рддрд╛рдд. рддреНрдпрд╛рдореВрд│реЗ рдИрдереЗ рдХрд╛рдпрдо рд╡рд╛рд╣рддреВрдХ рдХреЛрдВрдбреА рдЕрд╕рддреЗ.
рдЙрд▓реНрд╣рд╛рд╕ рдирджреА рдЬрд┐рдердВ рд╕рдореБрджреНрд░рд╛рд▓рд╛ рдорд┐рд│рддреЗ рддреНрдпрд╛ рд╡рд░реНрд╕рд╛рд╡реЗ рдЦрд╛рдбреАрд╡рд░ (рдЬрд┐рд▓рд╛ рдШреЛрдбрдмрдВрджрд░ рдЦрд╛рдбреА, рд╡рд╕рдИ рдЦрд╛рдбреА рдкрдг рдореНрд╣рдгрддрд╛рдд) рджреЛрди рд▓реЗрдирдЪреЗ рджреЛрди рдкреБрд▓ рдЖрд╣реЗрдд. рддреНрдпрд╛рддрд▓рд╛ рдПрдХ 50 рдЪреНрдпрд╛ рджрд╢рдХрд╛рдд рдЖрдгрд┐ рджреБрд╕рд░рд╛ 2002 рд▓рд╛ рдмрд╛рдВрдзрд▓реЗрд▓реЗ рдЖрд╣реЗрдд. + https://t.co/s8zs4jAbGd",1,,,
"рдордирдкрд╛рд╡реГрддреНрдд, рдЕрдВрдХрд╛рддреАрд▓ рдореБрдЦреНрдпрдкреГрд╖реНрдард╛рд╡рд░реАрд▓ рджрд┐рд╡рд╛ рдкреНрд░рднрд╛рдЧ рд╕рдорд┐рддреА рдордзреАрд▓ рд╢рд┐рд│рдЧрд╛рд╡ рд╕рд░реНрд╡реНрд╣реЗ рдирдВ реирежрез,рд╣рд┐рд╕реНрд╕рд╛ рдирдВ рек рдордзреАрд▓ рдЬрд╛рдЧреЗрдЪреА рдлреЛрдб рд╡рд╛рдЯрдгреА рдирд╕рддрд╛рдирд╛рд╣реА рдХреНрд╖реЗрддреНрд░ рдЖрд░ рдЭреЛрди рдЕрд╕рддрд╛рдирд╛рд╣реА рдЯреЛрд▓реЗрдЬрдВрдЧ рдЗрдорд╛рд░рддреАрдЪреЗ рдирд┐рд░реНрдорд╛рдг.
рдЖрдпреБрдХреНрдд рд╕рд╛рд╣реЗрдм рдЙрдШрдбрд╛ рдбреЛрд│реЗ рдкрд╣рд╛ рдиреАрдЯ ! рд╢реАрд░реНрд╖рдХрд╛рдЦрд╛рд▓реАрд▓ рдмрд╛рддрдореАрдЪреНрдпрд╛ рдЕрдиреБрд╖рдВрдЧрд╛рдиреЗ рдХрд╛рд░рд╡рд╛рдИ рдХрд░рд╛рд╡реА рд╣реА рд╡рд┐рдирдВрддреА.
рез). https://t.co/0SaQV3Trkq",1,,,
рдмрд╛рд│реНрдХреБрдо рдХрд╢реЗрд│реА рд╣рд╛рдпрд╡реЗ рд░рд╕реНрддрд╛ рд▓рд╛рдЧрдд рдореЛрдареНрдпрд╛ рдкреНрд░рдорд╛рдгрд╛рдд рдЕрдирдзрд┐рдХреГрдд рд╣рд╛рддрдЧрд╛рдбреНрдпрд╛ рд▓рд╛рд╡реБрди рд░рд╕реНрддрд╛ рдХрдореА рдкреНрд░рдорд╛рдгрд╛рдд рд╡рд╛рдкрд░рдгреНрдпрд╛рд╕ рдорд┐рд│рдд рдЖрд╣реЗ рдЖрдгреА рдХрд╛рд╣реА рд╣рдлреНрддреЗ рд╡рд╕реБрд▓рд┐рд╣реА рдХреЗрд▓реА рдЬрд╛рддреЗ рдирд┐рджрд░реНрд╢рдирд╛рд╕ рдЖрд▓реЗ рдЖрд╣реЗ рддрд░реА рдЖрдкрди рд▓рд╡рдХрд░рд╛рдд рд▓рд╡рдХрд░ рдХрд╛рд░рд╡рд╛рдИ рдХрд░рдгреНрдпрд╛рдд рдпрд╛рд╡реА @TMCaTweetAway @ThaneCityPolice @ThaneTraffic @ThaneCollector https://t.co/FMkn0KlhCb,1,,,
рдмрд╛рд│реНрдХреБрдо рдХрд╢реЗрд│реА рд╣рд╛рдпрд╡реЗ рд░рд╕реНрддрд╛ рд▓рд╛рдЧрдд рдореЛрдареНрдпрд╛ рдкреНрд░рдорд╛рдгрд╛рдд рдЕрдирдзрд┐рдХреГрдд рд╣рд╛рддрдЧрд╛рдбреНрдпрд╛ рд▓рд╛рд╡реБрди рд░рд╕реНрддрд╛ рдХрдореА рдкреНрд░рдорд╛рдгрд╛рдд рд╡рд╛рдкрд░рдгреНрдпрд╛рд╕ рдорд┐рд│рдд рдЖрд╣реЗ рдЖрдгреА рдХрд╛рд╣реА рд╣рдлреНрддреЗ рд╡рд╕реБрд▓рд┐рд╣реА рдХреЗрд▓реА рдЬрд╛рддреЗ рдирд┐рджрд░реНрд╢рдирд╛рд╕ рдЖрд▓реЗ рдЖрд╣реЗ рддрд░реА рдЖрдкрди рд▓рд╡рдХрд░рд╛рдд рд▓рд╡рдХрд░ рдХрд╛рд░рд╡рд╛рдИ рдХрд░рдгреНрдпрд╛рдд рдпрд╛рд╡реА @TMCaTweetAway @ThaneCityPolice @ThaneTraffic @ThaneCollector https://t.co/2kHw2NeHYi,1,,,
"рдлреЗрд░реАрд╡рд╛рд▓реНрдпрд╛рдВрд╕рд╛рдареА рд░рд╕реНрддреЗ рдЖрдгрд┐ рдлреБрдЯрдкрд╛рде рдмрдирд╡рд▓реНрдпрд╛рдмрджреНрджрд▓ рдзрдиреНрдпрд╡рд╛рдж рдард╛рдгреЗ рдорд╣рд╛рдкрд╛рд▓рд┐рдХрд╛.
рдЧреНрд░рдБрдб рд╕реНрдХреНрд╡реЗрдЕрд░ рд╕рд░реНрдХрд▓, рдЖрдирдВрдж рдирдЧрд░ рдЖрд░реЛрдЧреНрдп рдХреЗрдВрджреНрд░рд╛ рдЬрд╡рд│, рдХрд╛рд╕рд╛рд░рд╡рдбрд╡рд▓реА, рдШреЛрдбрдмрдВрджрд░ рд░реЛрдб
@nareshmhaske @TMCaTweetAway @TMCsmartcity @ImThanekar @PratapSarnaik #SmartCity @CommunityThane https://t.co/htwBBzU0lI",1,,,
"рдкрд░рдкреНрд░рд╛рдВрддреАрдпрд╛рдВрдЪреА рдкреБрдиреНрд╣рд╛ рдЧреБрдВрдбрдЧрд┐рд░реА...
рдорд░рд╛рдареА рдорд╛рдгрд╕рд╛рд▓рд╛ рдорд╛рд░рд╣рд╛рдг, 
рдкреЛрд▓реАрд╕рд╛рдВрдЪреА рдХрд╛рд░реНрдпрд╡рд╛рд╣реА рдкрдг рдХрд╛рдпрдорд╕реНрд╡рд░реВрдкреА рдпрд╛рдВрдирд╛ рдмрдВрджреА рдХрдзреА?
#рдард╛рдгреЗ #рдШреЛрдбрдмрдВрджрд░ https://t.co/RxkCsNbgi5",1,,,
"рджреБрд╕рд▒реНрдпрд╛ рдЦрд╛рдбреА рдкреБрд▓рд╛рд╡рд░ рдпреЗрддреЗ. рд░рд╕реНрддрд╛ рд░реБрдВрдж рдХрд░рддрд╛рдирд╛ рдЦрд╛рдбреА рдкреБрд▓ рд░реБрдВрдж рдХреЗрд▓реЗ рдЧреЗрд▓реЗ рдирд╛рд╣реАрдд.
рд╕рддрддрдЪреА рд╡рд╛рд╣рддреВрдХ рдХреЛрдВрдбреА рдмрдШреВрди рд╢реЗрд╡рдЯреА NHAI рдиреЗ рдШреЛрдбрдмрдВрджрд░ рдЦрд╛рдбреАрд╡рд░ 4 рд▓реЗрдирдЪрд╛ рдирд╡рд┐рди рдЦрд╛рдбреАрдкреБрд▓ рдмрд╛рдВрдзрд╛рдпрдЪрдВ рдард░рд╡рд▓рдВ.
рд╣реА рдЬреА рдЦрд╛рдбреА рдЖрд╣реЗ рддрд┐рдЪреНрдпрд╛ рдореБрдВрдмрдИрдХрдбрдЪреНрдпрд╛ рдХрд┐рдирд╛рд▒реНрдпрд╛рд╡рд░рдЪрд╛ рднрд╛рдЧ рд╣рд╛ рдард╛рдгреЗ рдЬрд┐рд▓реНрд╣рд╛ рд╡ рдорд┐рд░рд╛ рднрд╛рдИрдВрджрд░ рдорд╣рд╛рдирдЧрд░рдкрд╛рд▓рд┐рдХрд╛ рдЖрдгрд┐ + https://t.co/i4KrRjEjsb",1,,,
"рджрд┐рд╡рд╛ рдкреНрд░рднрд╛рдЧрд╕рдорд┐рддрд┐ рдЕрдВрддрд░реНрдЧрдд рдпреЗрдгрд╛рд▒реНрдпрд╛ рд╢реАрд│ рдЧрд╛рд╡рд╛рдордзреАрд▓ рдЦрд╛рди рдХрдореНрдкрд╛рдЙрдВрдб рдордзреНрдпреЗ рд╣реЛрдд рдЕрд╕рд▓реЗрд▓реНрдпрд╛ рдЕрд╡реИрдз рдмрд╛рдВрдзрдХрд╛рдорд╛рд╡рд░ рдХрд╛рд░рд╡рд╛рдИ рдЪрд╛рд▓реВ рд╣реЛрддреА, рддреНрдпрд╛ рдХрд╛рд░рд╡рд╛рдИрдЪреЗ  рд╢реБрдЯрд┐рдВрдЧ рдХрд░рдд рдЕрд╕рддрд╛рдирд╛ рдкреЛрд▓реАрд╕ рдорд╣рд╛рдирдЧрд░ рдЪреЗ рдорд╣рд┐рд▓рд╛ рдкрддреНрд░рдХрд╛рд░ рдЖрдгрд┐ рдХреЕрдореЗрд░рд╛рдорди рдпрд╛рдВрдирд╛ рддреЗрдереАрд▓ рднреВрдорд╛рдлрд┐рдпрд╛ / рдмрд┐рд▓реНрдбрд░ рдЕрдХреАрд▓ рдЙрд░реНрдл рд╕реЛрдиреВ рдмрд┐рд▓реНрдбрд░рдЪрд╛ рдорд╛рдгреВрд╕ рдЖрдореАрд░ рдЖрдгрд┐ рд╡реГрджреНрдз рд╕рд▓рд╛рдо.",1,,,
"рдард╛рдгреЗ рдпреЗрдереАрд▓ рдШреЛрдбрдмрдВрджрд░ рд░рд╕реНрддреНрдпрд╛рд╡рд░ рдореЗрдЯреНрд░реЛрдЪреНрдпрд╛ рдХрд╛рдорд╛рд╕рд╛рдареА рд▓рд╛рд╡рд▓реЗрд▓реНрдпрд╛ рд▓реЛрдЦрдВрдбреА рдмреЕрд░рд┐рдЧреЗрдЯреНрд╕ рд╡рд░реАрд▓ рдкрддреНрд░реЗ рдирд┐рдШрд╛рд▓реЗ рдЖрд╣реЗрдд,рддреНрдпрд╛рдореБрд│реЗ рдЕрдкрдШрд╛рдд рд╣реЛрдгреНрдпрд╛рдЪреА рд╢рдХреНрдпрддрд╛ рдЖрд╣реЗ,рдХреГрдкрдпрд╛ рддреЗ рджреБрд░реБрд╕реНрдд рдХрд░рдгреНрдпрд╛рдд рдпрд╛рд╡реЗрдд. 
@MumMetro @MumbaiMetro3 @TMCaTweetAway @ThaneCityPolice @TMCsmartcity",1,,,
рдард╛рдгреЗ рддреЗ рджрд┐рд╡рд╛ рджрд░рдореНрдпрд╛рди рд╣реЛрдгрд╛рд▒реНрдпрд╛ релрд╡реНрдпрд╛ рдЖрдгрд┐ ремрд╡реНрдпрд╛ рд▓рд╛рдИрдирд▓рд╛ рд╣реНрдпрд╛рдЪ рд░рд╛рдЬрдХрд╛рд░рдгрд╛рдореБрд│реЗ рдЙрд╢реАрд░ рдЭрд╛рд▓рд╛ рдЖрд╣реЗ.рд╣реНрдпрд╛ рдХрд╛рд╣реА рдорддрд╛рдВрд╕рд╛рдареА рдХрд┐рддреА рд╕рд╛рдорд╛рдиреНрдп рдкреНрд░рд╡рд╛рд╢рд╛рдВрдЪрд╛ рдЧрд╛рдбреАрддреВрди рдЦрд╛рд▓реА рдкрдбреВрди рдореГрддреНрдпреВ рдЭрд╛рд▓рд╛ рдЖрд╣реЗ.рд╣реЗ рддрд╛рдмрдбрддреЛрдм рдерд╛рдВрдмрд╛рдпрд▓рд╛ рд╣рд╡реЗ.рдорд╣рд╛рд░рд╛рд╖реНрдЯреНрд░рд╛рдд рдпрд╛рд╕рд╛рдареА рдареЛрд╕ рдЙрдкрд╛рдп рдХреЗрдВрджреНрд░ рд╕рд░рдХрд╛рд░рдиреЗ рдХрд░рд╛рд╡рд╛.рд╣реА рдЖрдордЪреА рдЧрд░рдЬ рдЖрд╣реЗ. @narendramodi @AmitShah,1,,,
рдард╛рдгреЗ рддреЗ рджрд┐рд╡рд╛ релрд╡реА рдЖрдгрд┐ ремрд╡реА рд▓рд╛рдИрди рди рд╣реЛрдгреНрдпрд╛рд╕ рд╣реЗрдЪ рдЬрдмрд╛рдмрджрд╛рд░ рдЖрд╣реЗрдд рдордЧ рд╣реНрдпрд╛рдВрдЪреНрдпрд╛ рдорддрд╛рдВрд╕рд╛рдареА рднрд▓реЗ рдЧрд╛рдбреАрддреВрди рдзрдХреНрдХрд╛ рд▓рд╛рдЧреВрди рднрд▓реЗ рд╣рдЬрд╛рд░реЛ рдЬреАрд╡ рдЧреЗрд▓реЗ рддрд░реАрд╣реА рдХрд╛рд╣реАрд╣реА рд╣рд░рдХрдд рдирд╛рд╣реА. рд╣рд╛рдЪ #рд▓реЛрдХрд╢рд╛рд╣реА рдЪрд╛ рд╕рдЧрд│рдпрд╛рдд рдореЛрдард╛ рджреБрд░реБрдкрдпреЛрдЧ рдЖрд╣реЗ. рдорд╛рдгрд╕рд╛рдЪреА рдХрд┐рдБрдордд рд╢реБрдиреНрдп https://t.co/gqyDhjiHcB,1,,,
рдШреЛрдбрдмрдВрджрд░ рдкрд░рд┐рд╕рд░рд╛рддреАрд▓ рдЧреГрд╣рд╕рдВрдХреБрд▓рд╛рдВрдХрдбреВрди рдкрд╛рдгреНрдпрд╛рдЪреА рдкрд│рд╡рд╛рдкрд│рд╡реА @ThaneMT https://t.co/PHzJ3ch1gk,1,,,
"рдХреБрдард╡рд░ рдЖрддрд╡рд░ рдЕрдВрдзрд╛рд░ рд╕реЛрд╕рд╛рд╡рд╛
рджрд┐рд╡рд╛ рд▓рд╛рдЧреВ рджреЗ рд░реЗ рджреЗрд╡рд╛
рджрд┐рд╡рд╛ рд▓рд╛рдЧреЛ рджреЗрд╡рд╛...ЁЯЩП
#11pmWords",1,,,
рдХрд╛рд╕рд╛ рд░реЙрдпрд▓ рд╕рдореЛрд░ рдмрд╛рд│рдХреБрдо рдкрд╛рдбрд╛ рдирдВрдмрд░ 3 рдпреЗрдереЗ рдЬрд╡рд│рдкрд╛рд╕ рджреАрдб рддреЗ рджреЛрди рдорд╣рд┐рдиреНрдпрд╛рдкрд╛рд╕реВрди рдХрдЪрд░рд╛рдкреЗрдЯреА рдЙрдкрд▓рдмреНрдз рдирд╕реВрди рддреЗрдереАрд▓ рдирд╛рдЧрд░рд┐рдХ рд░рд╕реНрддрд╛рд╡рд░ рдХрдЪрд░рд╛ рдлреЗрдХрдд рдЖрд╣реЗрдд рд╡рд╛рд░рдВрд╡рд╛рд░ рддрдХреНрд░рд╛рд░ рдХрд░реВрди рд╕реБрджреНрдзрд╛ рдХреБрдард▓реАрд╣реА рджрдЦрд▓ рдШреЗрддрд▓реА рдЬрд╛рдд рдирд╛рд╣реА,1,,,
рдХрд│рд╡рд╛ рдкреЛрд▓реАрд╕ рд╕реНрдЯреЗрд╢рди рдордзреНрдпреЗ 324 рдЪреНрдпрд╛ рдЦрд╛рд▓реАрд▓ рдХрд╛рд╣реА рдЖрд░реЛрдкреА рдмрджреНрджрд▓ рддрдХреНрд░рд╛рд░ рдХрд░рдгреНрдпрд╛рд╕рд╛рдареА рдЧреЗрд▓реЗ рдЕрд╕рддрд╛рдирд╛ рдХрд│рд╡рд╛ рдкреЛрд▓реАрд╕ рд╕реНрдЯреЗрд╢рди рдордзреНрдпреЗ рдХрд╛рд╣реА  рдкреЛрд▓рд┐рд╕рд╛рдВрдиреА рд╕рднреНрдпрдкрдгреЗ рд╡ рд╡рд░реНрддрдгреВрдХ рдХреЗрд▓реА. рд╡ рдХреБрдард▓реНрдпрд╛рд╣реА рдкреНрд░рдХрд╛рд░рдЪреЗ рд╕рд╣рдХрд╛рд░реНрдп рди рдХрд░рддрд╛ рдкреЛрд▓реАрд╕ рд╕реНрдЯреЗрд╢рди рдордзреВрди рдЪрд╛рд▓рддреЗ рд╡реНрд╣рд╛ рдЕрд╕реЗ рд╕рд╛рдВрдЧрдгреНрдпрд╛рдд рдЖрд▓реЗ @ThaneCityPolice рдпреЛрдЧреНрдп рддреА рдХрд╛рд░рд╡рд╛рдИ рдХрд░рд╛рд╡реА рдХрд░рд╛рд╡реЗ,1,,,
"рдЖрд░реЛрдЧреНрдп рдХреЗрдВрджреНрд░ рдЙрднрд╛рд░рдгреНрдпрд╛рд╕рдВрджрд░реНрднрд╛рдд рд╕рдХрд╛рд░рд╛рддреНрдордХ рдирд┐рд░реНрдгрдп

рдкреБрдирд░реНрд╡рд╕рди рд╕рдВрдмрдВрдзреА рдЬреЛрдкрд░реНрдпрдВрдд рдирд┐рд░реНрдгрдп рд╣реЛрдд рдирд╛рд╣реА, рддреЛрдкрд░реНрдпрдВрдд рдХрд│рд╡рд╛, рдХрд▓реНрдпрд╛рдг (рдкреВрд░реНрд╡) рдЖрдгрд┐ рдбреЛрдВрдмрд┐рд╡рд▓реА рдпреЗрдереАрд▓ рд░рд╣рд┐рд╡рд╛рд╢рд╛рдВрдЪреА рдШрд░реЗ рд░рд┐рдХрд╛рдореА рдХрд░реВ рдирдпреЗ, рдЕрд╢реА рд╡рд┐рдирдВрддреА рдХрд░рдгреНрдпрд╛рдд рдЖрд▓реА.",1,,,
"рдЖрдЬ рд╕рдВрдзреНрдпрд╛рдХрд╛рд│реА рем.рейреж рд╡рд╛рдЬрддрд╛ рджрд┐рд╡рд╛ рд╕реНрдЯреЗрд╢рди рд╡рд░ рджрд┐рд╡рд╛ рддреЗ рдкреЗрдг рдорд╛рд╕рд┐рдХ рдкрд╛рд╕ рдХрд╛рдврдгреНрдпрд╛рд╕рд╛рдареА рдЧреЗрд▓реЛ рдЕрд╕рддрд╛ рдЯрд┐рдХрд┐рдЯ рдЦрд┐рдбрдХреА рдХреНрд░. рез рд╡рд░реАрд▓ рдмреБрдХрд┐рдВрдЧ рдХреНрд▓рд╛рд░реНрдХ рдиреЗ рджрд┐рд╡рд╛ рддреЗ рдкреЗрдг рдореЗрдореВ рд╕реЗрд╡рд╛ рдПрдХреНрд╕рдкреНрд░реЗрд╕ рдореНрд╣рдгреВрди рдЪрд╛рд▓рд╡рд┐рдгреНрдпрд╛рдд рдпреЗрдд рдЖрд╣реЗ рддреНрдпрд╛рдореБрд│реЗ рдорд╛рд╕рд┐рдХ рдкрд╛рд╕ рджреЗрддрд╛ рдпреЗрдд рдирд╛рд╣реА рдЕрд╕реЗ рд╕рд╛рдВрдЧрд┐рддрд▓реЗ.
рдкреЗрдг рд╕реНрдЯреЗрд╢рди рд╡рд░реВрди рдкреЗрдг рддреЗ рджрд┐рд╡рд╛ рдорд╛рд╕рд┐рдХ рдкрд╛рд╕ рджреЗрддрд╛рдд. https://t.co/FSnmfhWwLA",1,,,
рдЕрд╡рд┐рдирд╛рд╢ рджрддреНрддрд╛рддреНрд░рдп рдмрд▓реНрд▓рд╛рд│ рдмрд┐рд▓реНрдбрд░ рдлрд░рд╛рд░ рдЖрд╣реЗ рдЖрдврд│рд▓реЗ рдХреА рдХреЛрд▓рд╕реЗрд╡рд╛рджреА рдкреЛрд▓реАрд╕ staion рд▓рд╛ рдХрд│рд╡рд╛  рд╣рд╛рдЬрд┐рдорд▓рдЧ рд░реЛрдб рдЪреЗрддрдирд╛ рд╢рд╛рд│реЗ рдЬрд╡рд│ рд╕рд╛рдИ рд╕рджреЗрд╢ рдЪрд╛рд▓ рдордзреЗ рд░рд╣рд╛рдд рд╣реЛрддрд╛  рдЖрддрд╛ рдлрд░рд╛рд░ рдЖрд╣реЗ рдХреЛрд░реНрдЯ wart  рдирд┐рдШрд╛рд▓реЗ рдЖрд╣реЗ https://t.co/PaBlZ9K5Nr,1,,,
RT @ThaneCityPolice: рд╕реЛрдирд╕рд╛рдЦрд│реА рд╡ рдореЛрдмрд╛рдЗрд▓ рдЬрдмрд░реА рдЪреЛрд░реА рдХрд░рдгрд╛рд▒реНрдпрд╛ рдЖрд░реЛрдкреАрддрд╛рдВрдирд╛ рдХрд╛рдкреВрд░рдмрд╛рд╡рдбреА рдкреЛрд▓рд┐рд╕рд╛рдВрдХрдбреВрди рдЕрдЯрдХ. #GoodDetection https://t.co/e05ybPARii,1,,,
"RT @sarangchaps: рдпреЗрдгрд╛рд░реА рдЬрд╛рдгрд╛рд░реА рд╡рд╛рд╣рдиреЗ рдпрд╛ рдЬрдВрдХреНрд╢рдирд╡рд░реБрди рдЬрд╛рддрд╛рдд. рддреНрдпрд╛рдореВрд│реЗ рдИрдереЗ рдХрд╛рдпрдо рд╡рд╛рд╣рддреВрдХ рдХреЛрдВрдбреА рдЕрд╕рддреЗ.
рдЙрд▓реНрд╣рд╛рд╕ рдирджреА рдЬрд┐рдердВ рд╕рдореБрджреНрд░рд╛рд▓рд╛ рдорд┐рд│рддреЗ рддреНрдпрд╛ рд╡рд░реНрд╕рд╛рд╡реЗтАж",1,,,
"RT @sarangchaps: рджреБрд╕рд▒реНрдпрд╛ рдЦрд╛рдбреА рдкреБрд▓рд╛рд╡рд░ рдпреЗрддреЗ. рд░рд╕реНрддрд╛ рд░реБрдВрдж рдХрд░рддрд╛рдирд╛ рдЦрд╛рдбреА рдкреБрд▓ рд░реБрдВрдж рдХреЗрд▓реЗ рдЧреЗрд▓реЗ рдирд╛рд╣реАрдд.
рд╕рддрддрдЪреА рд╡рд╛рд╣рддреВрдХ рдХреЛрдВрдбреА рдмрдШреВрди рд╢реЗрд╡рдЯреА NHAI рдиреЗ рдШреЛрдбрдмрдВрджрд░тАж",1,,,
"RT @PoliceMahanagar: рджрд┐рд╡рд╛ рдкреНрд░рднрд╛рдЧрд╕рдорд┐рддрд┐ рдЕрдВрддрд░реНрдЧрдд рдпреЗрдгрд╛рд▒реНрдпрд╛ рд╢реАрд│ рдЧрд╛рд╡рд╛рдордзреАрд▓ рдЦрд╛рди рдХрдореНрдкрд╛рдЙрдВрдб рдордзреНрдпреЗ рд╣реЛрдд рдЕрд╕рд▓реЗрд▓реНрдпрд╛ рдЕрд╡реИрдз рдмрд╛рдВрдзрдХрд╛рдорд╛рд╡рд░ рдХрд╛рд░рд╡рд╛рдИ рдЪрд╛рд▓реВ рд╣реЛрддреА, рддреНрдпрд╛тАж",1,,,
RT @GulviRavi: рдмрд╛рд│реНрдХреБрдо рдХрд╢реЗрд│реА рд╣рд╛рдпрд╡реЗ рд░рд╕реНрддрд╛ рд▓рд╛рдЧрдд рдореЛрдареНрдпрд╛ рдкреНрд░рдорд╛рдгрд╛рдд рдЕрдирдзрд┐рдХреГрдд рд╣рд╛рддрдЧрд╛рдбреНрдпрд╛ рд▓рд╛рд╡реБрди рд░рд╕реНрддрд╛ рдХрдореА рдкреНрд░рдорд╛рдгрд╛рдд рд╡рд╛рдкрд░рдгреНрдпрд╛рд╕ рдорд┐рд│рдд рдЖрд╣реЗ рдЖрдгреА рдХрд╛рд╣реА рд╣рдлреНрддреЗтАж,1,,,
#рдбреЛрдВрдмрд┐рд╡рд▓реА #рдмреЛрд░рд┐рд╡рд▓реА #рдорд╛рд▓рд╛рдб #рдард╛рдгреЗ #рдШреЛрдбрдмрдВрджрд░ рд░реЛрдб рд╡рд░ рддрд░ рдЪрд╛рд░ рдкрд╛рдЪ рдкреЛрд▓рд┐рд╕ рдПрдХрдЪ рдард┐рдХрд╛рдгреА  рдкреБрдвреЗ рдЯреНрд░реЕрдлрд┐рдХ рдЖрд╣реЗ рддреЗ рд╣реЕрдгреНрдбрд▓ рдирд╛ рдХрд░рд┐рддрд╛ рддреЗ рдлрд╛рдЗрди рдорд╛рд░рддрд╛ рдЕрд╕рддрд╛рдд рдпрд╛рдВрдЪрд╛ рдмрд░реЛрдмрд░ рдареА #рдЯреНрд░реЕрдлрд┐рдХрд╡реЙрд░реНрдбрди рд╕реБрджреНрдзрд╛ . рдпрд╛рдВрдЪреА рдХрд╛рдо рдХрд╛рдп рд╣реЗ рдХрд░рддрд╛рдд рдХрд╛рдп рд╕рд╛рд╣реЗрдм рд▓реЛрдХ рдпрд╛рдВрдирд╛ рдЬрд░рд╛ рдХрдВрдЯреНрд░реЛрд▓ рдордзреНрдпреЗ рдШреНрдпрд╛ .,1,,,
"#рдард╛рдгреНрдпрд╛рддреАрд▓ #рдореЗрдЯреНрд░реЛ_4 рд╕рд╛рдареА рдУрд╡рд│рд╛ рд╕рд┐рдЧреНрдирд▓ рддреЗ рдШреЛрдбрдмрдВрджрд░ рд░реЛрдбрд╡рд░реАрд▓ рд╡реЗрджрд╛рдВрдд рд╣реЙрд╕реНрдкрд┐рдЯрд▓ рджрд░рдореНрдпрд╛рди рдкрд┐рд▓рд░ рдЯрд╛рдХрдгреНрдпрд╛рд╕рд╛рдареА рдХрд╛рдорд╛рд╕рд╛рдареА рдард╛рдгреЗрдХрдбреВрди рдШреЛрдбрдмрдВрджрд░ рд░реЛрдб рд╡рд╛рд╣рд┐рдиреА рд╡рд╛рд╣рддреБрдХреАрд╕ рдмрдВрдж рдХрд░рдгреНрдпрд╛рдд рдпреЗрдгрд╛рд░ рдЖрд╣реЗ, рдЕрд╢реА рдорд╛рд╣рд┐рддреА @ThaneTraffic  рдкреЛрд▓реАрд╕ рдЙрдкрд╛рдпреБрдХреНрдд рдмрд╛рд│рд╛рд╕рд╛рд╣реЗрдм рдкрд╛рдЯреАрд▓ рдпрд╛рдВрдиреА рджрд┐рд▓реА рдЖрд╣реЗ.",1,,,
"#рдШреЛрдбрдмрдВрджрд░_рд░реЛрдб, #рдЖрдирдВрдж_рдирдЧрд░ рдкрд░рд┐рд╕рд░рд╛рддреАрд▓ #рдкреБрд░реВрд╖реЛрддреНрддрдо_рдкрд╛рд░реНрдХ рд╕реЛрд╕рд╛рдпрдЯреА рдпреЗрдереАрд▓ рд░рд╣рд┐рд╡рд╛рд╢рд╛рдВрдиреА рдорд╛рдЭреНрдпрд╛рдХрдбреЗ #рдкрд┐рдгреНрдпрд╛рдЪреНрдпрд╛_рдкрд╛рдгреНрдпрд╛ рд╕рдорд╕реНрдпреЗрд╕рдВрджрд░реНрднрд╛рдд рддрдХреНрд░рд╛рд░ рдХреЗрд▓реА рд╣реЛрддреА, рддреНрдпрд╛рдВрдЪреНрдпрд╛ рдкрд╛рдгреНрдпрд╛рдЪреНрдпрд╛ рд╕рдорд╕реНрдпрд╛рдЪреЗ рдирд┐рд╡рд╛рд░рдг рдХреЗрд▓реНрдпрд╛рдирдВрддрд░ рд╕реЛрд╕рд╛рдпрдЯреАрдЪреНрдпрд╛ рд╡рддреАрдиреЗ рд╕рддреНрдХрд╛рд░ рдХрд░реВрди рдЖрднрд╛рд░ рд╡реНрдпрдХреНрдд рдХрд░рдгреНрдпрд╛рдд рдЖрд▓реЗ.
#RaviGharat #Thane #GhodbunderRoad https://t.co/kVP2LKMoDA",1,,,
@TMCaTweetAway @ThaneCityPolice рд╡рд░реНрддрдХ рдирдЧрд░ рдкреНрд░рднрд╛рдЧ рд╕рдорд┐рддреАрдЪреНрдпрд╛ рд╣рджреНрджреАрдд рдпреЗрдгрд╛рд▒реНрдпрд╛ рдХрд╛рдкреВрд░рдмрд╛рд╡рдбреА рдЬрд╡рд│ рдЕрд╕рд▓реЗрд▓реНрдпрд╛ рдирд╛рд▓реНрдпрд╛рдЪреНрдпрд╛ рдмрд╛рдЬреВрд▓рд╛ рдореЛрдареНрдпрд╛ рдкреНрд░рдорд╛рдгрд╛рдд рдЕрдирдзрд┐рдХреГрдд рдЪрд╛рд│реАрдВрдЪреЗ рдмрд╛рдВрдзрдХрд╛рдо рд╕реБрд░реВ рдЖрд╣реЗ. рдкреНрд░рднрд╛рдЧ рд╕рдорд┐рддреАрд▓рд╛ рдЕрдиреЗрдХ рддрдХреНрд░рд╛рд░реА рдХрд░реВрди рд╕реБрджреНрдзрд╛ рдХреЛрдгрддреАрд╣реА рдХрд╛рд░рд╡рд╛рдИ рдЕрдирдзрд┐рдХреГрдд рдЪрд╛рд│реАрдВрд╡рд░ рдХреЗрд▓реА рдЬрд╛рдд рдирд╛рд╣реА рдЕрд╕рд╛ рдЖрд░реЛрдк рдирд╛рдЧрд░рд┐рдХрд╛рдВрдиреА рдХреЗрд▓рд╛ рдЖрд╣реЗ https://t.co/iJzaa6BQk0,1,,,
"@TMCaTweetAway @ThaneCityPolice рдХрд╛рдкреВрд░рдмрд╛рд╡рдбреА рдирд╛рдХрд╛ рдпреЗрдереЗ рдЕрд╕рд▓реЗрд▓реНрдпрд╛ рдореБрдЦреНрдп рдирд╛рд▓реНрдпрд╛рд╢реЗрдЬрд╛рд░реА, рдкрд╛рдИрдк рд▓рд╛рдИрди рдЪреНрдпрд╛ рдмрд╛рдЬреВрд▓рд╛ рдпрд╛ рдЕрдирдзрд┐рдХреГрдд рдЪрд╛рд│реА рдмрд╛рдВрдзрдгреНрдпрд╛рдд рдЖрд▓реНрдпрд╛ рдЖрд╣реЗрдд.. рд╣рд╛ рдкрд░рд┐рд╕рд░ рд╡рд░реНрддрдХ рдирдЧрд░ рдкреНрд░рднрд╛рдЧ рд╕рдорд┐рддреАрдЪреНрдпрд╛ рд╣рджреНрджреАрдд рдпреЗрддреЛ.",1,,,
@ThaneCityPolice @Thane_R_Police рдШреЛрдбрдмрдВрджрд░ рд░реЛрдб рдЖрдЬрд╣реА рдлреБрд▓реНрд▓ рдЬрд╛рдо!! рдмрд╛рд╣реЗрд░рдЪреНрдпрд╛ рдЯреНрд░рдХрдЯреНрд░рд╛рдлрд╝рд┐рдХ рдореБрд│реЗ рдард╛рдгреЗрдХрд░рд╛рдВрдЪреЗ рд╣рд╛рд▓тАж https://t.co/mpAe367SA2,1,,,
@Shrirekha27 @DhirajMurud @WeArePenkars @OfficeOfNG рдУ @Jayant_R_Patil   рдХреЛрдг рдЖрд╣реЗ рд╣рд╛ рдХрдВрддреНрд░рд╛рдЯрджрд╛рд░  рдмрджреЛрдмрд╕реНрдд рдХрд░рд╛рдпрдЪреЗ рдХрд┐рддреА рдШреЗрдгрд╛рд░  рд▓рд╡рдХрд░ рдХрд│рд╡рд╛,1,,,
@SarangShriPatil @ShriPatilKarad рд╕рд╛рд╣реЗрдм рдореА рд╢реНрд░реА. рдирд┐рд▓реЗрд╢ рдмрд╛рдЬреАрд░рд╛рд╡ рдкрд╡рд╛рд░ рд╢рд┐рд╡рд╕реЗрдирд╛ рдЧрдЯрдкреНрд░рдореБрдЦ рджрд┐рд╡рд╛ рд╢рд╣рд░ рдард╛рдгреЗ рдореБ.рдкрд╡рдирдЧрд╛рд╡(рдкрд╡рд╛рд░рд╡рд╛рдбреА) рддрд╛.рдЬрд┐. рд╕рд╛рддрд╛рд░рд╛ рдкреНрд░рдзрд╛рдирдордВрддреНрд░реА рдЧреНрд░рд╛рдо рд╕рдбрдХ рдпреЛрдЬрдиреЗ рдЕрдВрддрд░реНрдЧрдд рдореЛрд░реЗрд╡рд╛рдбреА рдлрд╛рдЯрд╛ рддреЗ рдареЛрд╕реЗрдШрд░ рд╕рддреНрдп рдлрд╛рдЯрд╛ рдпрд╛ рд░рд╕реНрддреНрдпрд╛рдВрдЪреА рд╣рд▓рдд рдЦреВрдк рдЦрд░рд╛рдм рдЭрд╛рд▓реА рд▓реЛрдХрд╛рдВрдирд╛ рд╣реЛрдгрд╛рд░рд╛ рддреНрд░рд╛рд╕ рд▓реЛрдХ рд╕рд╣рди рдХрд░рдд рдЖрд╣реЗрдд рддрд░реА рдпрд╛рдЪреНрдпрд╛ рдХрдбреЗ рдЬрд░рд╛ рд▓рд╡рдХрд░ рд▓рдХреНрд╖ рдзреНрдпрд╛рд╡реЗ,1,,,
"@sarangchaps рдиреБрд╕рддрд╛ рд╣рд╛ рдкреВрд▓ рдмрд╛рдВрдзреВрди рдШреЛрдбрдмрдВрджрд░ рдЪреА рд╡рд╛рд╣рддреВрдХ рд╕рдорд╕реНрдпрд╛ рд╕рдВрдкрдгрд╛рд░ рдирд╛рд╣реА  рдЧрд╛рдпрдореБрдЦ рддреЗ рдЪреЗрдВрдирд╛ рдкреВрд▓ рдкрд░реНрдпрдВрдд 4 рд▓реЗрдирдЪреЗ рд░рд╕реНрддреЗ рд╣рд╡реЗрдд
рдЬрдб рд╡рд╛рд╣рдиреЗ рдмрдВрдж рдкрдбрд▓реНрдпрд╛рд╡рд░ рддреНрд╡рд░рд┐рдд рдХрд╛рд░рд╡рд╛рдИ рдЭрд╛рд▓реА рдкрд╛рд╣рд┐рдЬреЗ 
рдЬрдб рд╡рд╛рд╣рдирд╛рдВрдирд╛ рд╡реЗрдЧрд│рд╛ рд░рд╕реНрддрд╛ рдЕрдкреЗрдХреНрд╖рд┐рдд",1,,,
"@sarangchaps @WranglerPranjpe @vpj1960 @Vandemataram_YA @kulkarnigirish @SaffronSappu @Vidarbha_P @duskygirl27 @Sunil_Ankulge @Sunilp51647231 @patilji_speaks рд╕рд░ , рдЬрд░ рдард╛рдгреЗ-рдмреЛрд░рд┐рд╡рд▓реА рдиреЕрд╢рдирд▓ рдкрд╛рд░реНрдХ рдордзреВрди рдЬрд╛рдгрд╛рд░рд╛ рдорд╛рд░реНрдЧ рд╕реБрд░реВ рдЭрд╛рд▓рд╛ ( рдЯрд┐рдХреБрдЬрд┐рдиреА рд╡рд╛рдбреАрддреВрди) рддрд░ рдмрд▒реНрдпрд╛рдЪ рдЧрд╛рдбреНрдпрд╛ рддрд╢реНрдпрд╛ рдкрдг рдЗрдХрдбреВрди рдЬрд╛рддреАрд▓ рдЖрдгрд┐ рдЯреНрд░рд╛рдлрд┐рдХ рдХрдореА рд╣реЛрдИрд▓. рд╣реЗ рдШреЛрдбрдмрдВрджрд░ рдЪреЗ рдЪрд╛рдВрдЧрд▓реЗрдЪ рдЖрд╣реЗ",1,,,
@sarangchaps @SiddhiTheHindu @WranglerPranjpe @vpj1960 @Vandemataram_YA @kulkarnigirish @SaffronSappu @Vidarbha_P @duskygirl27 @Sunil_Ankulge @Sunilp51647231 @patilji_speaks рдЦреВрдкрдЪ рд╕реБрдВрджрд░ рдорд╛рд╣рд┐рддреА рджрд┐рд▓реА рддреБрдореНрд╣реА. рд╣рд╛ рдкреВрд▓ рдЖрдгрд┐ JNPT рд╡рд┐рд░рд╛рд░ рд╕реНрдкрд░ рдЭрд╛рд▓реНрдпрд╛рд╡рд░ рдШреЛрдбрдмрдВрджрд░ рд░рд╕реНрддреНрдпрд╛рд╡рд░рдЪреА рдЯреНрд░реЕрдХрдЪреА рд╡рд╛рд╣рддреВрдХ рдХрдореА рд╣реЛрдИрд▓. рддреЗ рдореЙрдбреЗрд▓ рдХреБрдареЗ рдмрдШрд╛рдпрд▓рд╛ рдорд┐рд│реЗрд▓?,1,,,
"@nitin_gadkari @narendramodi @BJP4India рд╕рд╛рд╣реЗрдм!
рдЗрддрдХреНрдпрд╛рдЪ рддрд│рдорд│рддреЗрдиреЗ рдЖрдгрд┐ рдЖрддреНрдорд┐рдпрддреЗрдиреЗ, рд╕рдорд╕реНрдд рдЙрддреНрддрд░ рдорд╣рд╛рд░рд╛рд╖реНрдЯреНрд░рд╛рд▓рд╛ рдкреНрд░рд┐рдп рдЕрд╕рд▓реЗрд▓реНрдпрд╛ рдЖрдгрд┐ рдЖрдкрдг рджрд┐рд╡рд╛ рд╕реНрд╡рдкреНрди рджрд╛рдЦрд╡рд▓реЗрд▓реНрдпрд╛ рдордирдорд╛рдб-рдЗрдВрджреВрд░ рд░реЗрд▓реНрд╡реЗ рд▓рд╛рдЗрди рд╕рдВрджрд░реНрднрд╛рдд рдкреБрдиреНрд╣рд╛ рдПрдХрджрд╛ рдкреБрдврд╛рдХрд╛рд░ рдШреЗрдд рдкреНрд░рдХрд▓реНрдк рддрдбреАрд╕ рдиреЗрдгреНрдпрд╛рдЪреА рдХреГрдкрд╛ рдХрд░рд╛рд╡реА
ЁЯЩП
@WeAreNashik @IndianRailMedia https://t.co/JWsU4DMu46",1,,,
"@MPLodha @BhaktiJogal рдордЧрдВрд▓рдкреНрд░рднрд╛рдд рд▓реЛрдврд╛,
            рддреБрдореНрд╣реА рд╕реНрд╡рддрд╛рдЪ рдЪреЛрд░ рдореНрд╣рдиреБрди рдШреЗрддрд╛,рдХреЛрд░реЛрдирд╛ рдХрд╛рд│рд╛рдд рдерд╛рд│реНрдпрд╛ рд╡рд╛рдЬрд╡рд╛рдпрдЪрдВ рд╕реЛрдбреБрди рджрд┐рд╡рд╛ рдореЗрдирдмрддреНрддреА рдкреЗрдЯрд╡рд╛рдпрдЪ рд╕реЛрдбреБрди рдо.рдЧрд╛рдВрдзреА рдкреБрддрд│реНрдпрд╛рд╕рдореЛрд░ рдЖрджреЛрдВрд▓рди рдХрд░рддрд╛ рдордЧ рд╢реЗрддрдХрд░реА рдЖрджреЛрдВрд▓рди рдХрд░рдд рд╣реЛрддреЗ рддреЗрд╡реНрд╣рд╛ рдкреНрд░рд╛рдгрд╛рдиреАрд╢реА рдХреЛрди рдореБрдХрд▓реЗ ! ренрежреж рд╢реЗрддрдХрд░реА рдорд░рди рдкрд╛рд╡рд▓реЗ ,рдЖрд▓реА рдХрд╛ рджрдпрд╛ рдордпрд╛ !
@CMOMaharashtra @rautsanjay61",1,,,
"@MahaKamgar @HasanMushrif рдЕрдЬреВрдирд╣реА рдмрд▒рдпрд╛рдЪ рджреБрдХрд╛рдирд╛рдЪреНрдпрд╛ рдкрд╛рдЯреНрдпрд╛ рдЗрддрд░ рднрд╛рд╖реЗрдд рдЖрд╣реЗрдд.. рдмрджрд▓ рдЭрд╛рд▓реЗрд▓рд╛ рдирд╛рд╣реАрдпреЗ..рдард╛рдгреЗ рдордзреНрдпреЗ рдХрд│рд╡рд╛ рдордзреНрдпреЗ рдмрд▒реНрдпрд╛рдЪ рдард┐рдХрд╛рдгреА рдмрджрд▓ рдЭрд╛рд▓реЗрд▓рдВ рдирд╛рд╣реА рджрд┐рд╕рдд.. рджреБрдХрд╛рдирджрд╛рд░ рдХрд╛рдпрджрд╛ рдкрд╛рд│рдд рдирд╛рд╣реАрдд. рддреНрдпрд╛рдЪрд╛рд╡рд░ рдХрд╛рд░рд╡рд╛рдИ рд╡реНрд╣рд╛рд╡реА рд╡рд┐рдирдВрддреА ЁЯЩПЁЯП╗
@ekikaranmarathi",1,,,
@LoksattaLive рдЗрддрд░ рднрд╛рд╖рд╛рдВрдЪрд╛ рд╕реНрдкреЙрдЯ рдШреЛрдбрдмрдВрджрд░ рд░реЛрдб. рддреНрд╡рд░рд┐рдд рдХрд╛рд░рд╡рд╛рдИ рд╣реЛрдгреЗ рдЕрдкреЗрдХреНрд╖рд┐рдд. @CMOMaharashtra,1,,,
"@KaduAmol рдШреЛрдбрдмрдВрджрд░ рд░реЛрдб рд╡рд░рдЪреНрдпрд╛ рдкреНрд░рддреНрдпреЗрдХ рдирд╡реАрди рдкреНрд░рдХрд▓реНрдкрд╛рдд рд╣рд╛ реи рдлреНрд▓реЕрдЯ рдШреЗрддреЛ, рджрд┐рд▓реЗ рдирд╛рд╣реАрдд рддрд░ рдмрд┐рд▓реНрдбрд░ рдЪреЗ рд╕рд╛рдорд╛рди рдЕрдбрд╡рддреЛ. рд╢рд┐рд╡реНрдпрд╛ рджреЗрдКрди рддреНрдпрд╛рдВрдЪреНрдпрд╛ рдХрд╛рд░реНрдпрд╛рд▓рдпрд╛рдд рддреЛрдбрдлреЛрдб рдХрд░рддреЛ. рдкрдг рд╕рд╛рд╣реЗрдмрд╛рдВрдЪреНрдпрд╛ рдЖрд╢реАрд░реНрд╡рд╛рджрд╛рдореБрд│реЗ рдХреЛрдгреА рдХрд╛рд░рд╡рд╛рдИ рдХрд░рдд рдирд╛рд╣реА",1,,,
@INCIndia @NANA_PATOLE рддреНрдпрд╛ рдЧрд╛рд╡рдЧреБрдВрдб рдореЛрджреАрд▓рд╛ рдкреЛрд▓рд┐рд╕рд╛рдВрдиреА рдЕрдЯрдХ рдХреЗрд▓реА. рдкрдг рддреНрдпрд╛рдВрдЪреНрдпрд╛ рдпрд╛ рд╡рдХреНрддрд╡реНрдпрд╛рд▓рд╛ рдкреЛрд▓рд┐рд╕рд╛рдВрдиреА рдирд╛рдХрд╛рд░рд▓рдВ. рдкреЛрд▓реАрд╕ рдореНрд╣рдгрддрд╛рдд рдЕрд╢рд╛ рдХреЛрдгрддреНрдпрд╛рд╣реА рдЧреБрдВрдбрд╛рд▓рд╛ рдЖрдореНрд╣реА рдЕрдЯрдХ рдХреЗрд▓реЗрд▓реА рдирд╛рд╣реА. рдкрдЯреЛрд▓реЗ рдЦреЛрдЯрдВ рдХрд╛ рдмреЛрд▓рддрд╛рдп? рджрд┐рд╡рд╛ рд╡рд┐рдЭрддрд╛рдирд╛ рдЬрд╛рд╕реНрдд рдлрдбрдлрдб рдХрд░рддреЛ рддреАрдЪ рдлрдбрдлрдб рдХрд╛рдБрдЧреНрд░реЗрд╕рдЪреА рдЪрд╛рд▓рд▓реА рдирд╛рд╣реА рдирд╛? https://t.co/wE2Il3LD2y,1,,,
@iM_BiJaY85 рдЖрдкрд▓реА рддрдХреНрд░рд╛рд░ рдХрд╛рдкреВрд░рдмрд╛рд╡рдбреА рдкреЛрд▓реАрд╕ рдард╛рдгреЗ рдпреЗрдереЗ рдХрд│рд╡рд┐рд▓реА рдЕрд╕реВрди рд╕рджрд░ рдард┐рдХрд╛рдгреА рдмрд┐рдЯ рдорд╛рд░реНрд╢рд▓ рд░рд╡рд╛рдирд╛ рдХрд░рдгреНрдпрд╛рдд рдпреЗрдд рдЖрд╣реЗ.,1,,,
@DrSEShinde @mieknathshinde @ThaneCollector рд╕рд╛рд╣реЗрдм рдЖрдкрд▓реНрдпрд╛рдЪ рдХрд▓реНрдпрд╛рдг рд▓реЛрдХрд╕рднреЗрддреАрд▓ рджрд┐рд╡рд╛ рдпреЗрдереАрд▓ рдЦрд╛рд▓реАрд▓ рджрд╛рдЦрд╡рд▓реЗрд▓реНрдпрд╛ рдЪрд┐рддреНрд░рд╛рддреАрд▓ рдмрд▒реНрдпрд╛рдЪ рд╡рд░реНрд╖рд╛рдВрдкрд╛рд╕реВрдирдЪреНрдпрд╛ рд╣реНрдпрд╛ рдкрд░рд┐рд╕реНрдерд┐рддреАрдд рдХрд╛рд╣реА рдмрджрд▓ рдХрд░рддрд╛ рдпреЗрдИрд▓ рдХрд╛ рддреЗрд╡рдврдВ рдмрдШрд╛ рдЬрд░рд╛ рдлрд╛рд░ рдмрд░ рд╣реЛрдИрд▓. https://t.co/4tpbtFOVWg,1,,,
@drmmumbaicr рдХрд╛рд▓ рджрд┐. резрен.режрез.реирежреиреи рд░реЛрдЬреА рдкреЗрдг рд╕реНрдЯреЗрд╢рди рд╡рд░реВрди рдкреЗрдг рддреЗ рджрд┐рд╡рд╛ рдорд╛рд╕рд┐рдХ рдкрд╛рд╕ рджрд┐рд▓рд╛. рд░реЗрд▓реНрд╡реЗ рдЪреЗ рдирд┐рдпрдо рд╕рд░реНрд╡ рдард┐рдХрд╛рдгреА рд╕рд╛рд░рдЦреЗ рдЕрд╕рддрд╛рдВрдирд╛ рдкрд╛рд╕ рджрд┐рд▓рд╛ рдЬрд╛рдд рдирд╛рд╣реА рд╣реЗ рдмрд░реЛрдмрд░ рдирд╛рд╣реА. https://t.co/WIcCpoi24l,1,,,
"@ChakankarSpeaks рддреНрдпрд╛рдЪрдкреНрд░рдорд╛рдгреЗ рдорд╛рдЭреНрдпрд╛ рдЖрдИ рд╡рдбреАрд▓ рд╡ рдореБрд▓реАрд▓рд╛ рдорд╛рдирд╕рд┐рдХ рддреНрд░рд╛рд╕ рд╕рд╣рди рдХрд░рд╛рд╡рд╛ рд▓рд╛рдЧрдд рдЖрд╣реЗ. рдпрд╛рдкреНрд░рдХрд░рдгреА рдСрдЧрд╕реНрдЯ 2020 рдкрд╛рд╕реВрди рдореА рдард╛рдгреЗ рдкреЛрд▓реАрд╕ рд╕реНрдЯреЗрд╢рди, рдХрд╛рдкреВрд░рдмрд╛рд╡рдбреА рдорд╣рд┐рд▓рд╛ рдЖрдпреЛрдЧ рдХреЗрдВрджреНрд░, рдХрд│рд╡рд╛ рд╣реЙрд╕реНрдкрд┐рдЯрд▓ рдорд╣рд┐рд▓рд╛ рдЖрдпреЛрдЧ, рд░рддреНрдирд╛рдЧрд┐рд░реА рдкреЛрд▓реАрд╕ рд╕реНрдЯреЗрд╢рди рд╕рдЧрд│реНрдпрд╛ рдард┐рдХрд╛рдгреА рдиреНрдпрд╛рдпрд╛рд╕рд╛рдареА рдзрд╛рд╡ рдШреЗрддрд▓реА рд╣реЛрддреА.",1,,,
"@Central_Railway @drmmumbaicr @GM_CRly @srdommumbaicr @srdcmmumbaicr @RailwaySeva рдЧрд╛рдбреА рди релрежрезрежрей/режрек рджрд┐рд╡рд╛-рд░рддреНрдирд╛рдЧрд┐рд░реА рдпрд╛ рдЧрд╛рдбреАрдЪрд╛ рдирд╡реАрди рд╡реЗрд│рд╛рдкрддреНрд░рдХ #NTES рдпрд╛ рдЕрдБрдк рд╡рд░ рдХрд╛ рджрд╛рдЦрд╡рдд рдирд╛рд╣реА,рдкреЗрдг, рдХрд╛рд╕реБ,рдирд╛рдЧреЛрдардгреЗ, рд░реЛрд╣рд╛ рдпреЗрдереЗ рдерд╛рдВрдмрд╛ рджрд╛рдЦрд╡рдд рдирд╛рд╣реА, рдХреГрдкрдпрд╛ рдЕрдкрдбреЗрдЯ рдХрд░рд╛рд╡реЗ рд╣реА рд╡рд┐рдирдВрддреА.",1,,,
@Awhadspeaks @Central_Railway рдЕрдирдзрд┐рдХреГрдд рдЕрд╕реЗрд▓ рддрд░ рдХрд╛рд░реНрдпрд╡рд╛рд╣реА рдЭрд╛рд▓реАрдЪ рдкрд╛рд╣рд┐рдЬреЗ ..... рд░реЗрд▓реНрд╡реЗрдЪреНрдпрд╛ рдЬрд╛рдЧреЗрдд рдЕрд╕реЗрд▓ рддрд░ рдХрд╛ рдХрд░реВ рдирдпреЗ рдХрд╛рд░реНрдпрд╡рд╛рд╣реА рдкреНрд░рддреНрдпреЗрдХ рд╡реЗрд│реА рднрд╛рд╡рдиреАрдХ рд╣реЛрдКрдВрди рдХрд│рд╡рд╛ рдореБрдмреНрд░рд╛ рджрд┐рд╡рд╛ рджрд┐рдШрд╛  рдЭреЛрдкрдбрдкрдЯреНрдЯреА рд╡рд╛рдврд▓реА рдЖрд╣реЗ  рдпрд╛ рдордзреНрдпреЗ рдкрд░рдкреНрд░рд╛рдВрддреАрдп рд▓реЛрдВрдвреЗ рдЬрд╛рд╕реНрдд рдЕрд╕рддреАрд▓,1,,,
RT @Info_Thane1: рдпрд╛рдХрд╛рд│рд╛рдд рдореБрдВрдмрдИ-рдирд╛рд╢рд┐рдХ рдорд╣рд╛рдорд╛рд░реНрдЧрд╛рд╡рд░реАрд▓ рдХрд╛рдкреВрд░рдмрд╛рд╡рдбреА рдЬрдХреНрд╢рдВрдирд╡рд░реАрд▓ рддрддреНрд╡рдЬреНрдЮрд╛рди рд╡рд┐рджреНрдпрд╛рдкреАрда рдпреЗрдереЗ рдкреНрд░рд╡реЗрд╢ рдмрдВрдж рдХрд░рдгреНрдпрд╛рдд рдпреЗрдгрд╛рд░ рдЖрд╣реЗ. рдШреЛрдбрдмрдВрджрд░ рд░реЛрдбтАж,1,,,